$$CostBook.Name$Product.StockKeepingUnit$CurrencyIsoCode,Cost,CostBook.Name,CurrencyIsoCode,Description,EffectiveFrom,EffectiveTo,Product.StockKeepingUnit
MFG Cost Books;Install-Fee;USD,0,MFG Cost Books,USD,,2025-01-01T20:00:00.000+0000,,Install-Fee
MFG Cost Books;SC-GOLD;USD,2400,MFG Cost Books,USD,,2025-01-01T20:00:00.000+0000,,SC-GOLD
MFG Cost Books;MV;USD,77.5,MFG Cost Books,USD,,2025-01-01T20:00:00.000+0000,,MV
MFG Cost Books;20-DP;USD,0,MFG Cost Books,USD,,2025-01-01T20:00:00.000+0000,,20-DP
MFG Cost Books;10-DL;USD,0,MFG Cost Books,USD,,2025-01-01T20:00:00.000+0000,,10-DL
MFG Cost Books;EW;USD,490,MFG Cost Books,USD,,2025-01-01T20:00:00.000+0000,,EW
MFG Cost Books;WARR-STD-1YR;USD,0,MFG Cost Books,USD,,2025-01-01T20:00:00.000+0000,,WARR-STD-1YR
MFG Cost Books;414LP-KAA-TT1;USD,81,MFG Cost Books,USD,,2025-01-01T20:00:00.000+0000,,414LP-KAA-TT1
MFG Cost Books;GP-Bucket;USD,216,MFG Cost Books,USD,,2025-01-01T20:00:00.000+0000,,GP-Bucket
MFG Cost Books;414LP-KAA-E-SSL;USD,8760,MFG Cost Books,USD,,2025-01-01T20:00:00.000+0000,,414LP-KAA-E-SSL
MFG Cost Books;GPST;USD,62,MFG Cost Books,USD,,2025-01-01T20:00:00.000+0000,,GPST
MFG Cost Books;414LP-KAA-CAB2;USD,384,MFG Cost Books,USD,,2025-01-01T20:00:00.000+0000,,414LP-KAA-CAB2
MFG Cost Books;Remote-Monitoring;USD,450,MFG Cost Books,USD,,2025-01-01T20:00:00.000+0000,,Remote-Monitoring
MFG Cost Books;EP-43253;USD,2.3575,MFG Cost Books,USD,,2025-01-01T20:00:00.000+0000,,EP-43253
MFG Cost Books;RHO-ENG-022;USD,8.4,MFG Cost Books,USD,,2025-01-01T20:00:00.000+0000,,RHO-ENG-022
MFG Cost Books;FA-Entitlement;USD,234,MFG Cost Books,USD,,2025-01-01T20:00:00.000+0000,,FA-Entitlement
MFG Cost Books;DIRT-BUCKET;USD,343,MFG Cost Books,USD,,2025-01-01T20:00:00.000+0000,,DIRT-BUCKET
MFG Cost Books;SUB;USD,13.2,MFG Cost Books,USD,,2025-01-01T20:00:00.000+0000,,SUB
MFG Cost Books;RLM-SW-40;USD,11.1,MFG Cost Books,USD,,2025-01-01T20:00:00.000+0000,,RLM-SW-40
MFG Cost Books;414LP-KAA-TT2;USD,209,MFG Cost Books,USD,,2025-01-01T20:00:00.000+0000,,414LP-KAA-TT2
MFG Cost Books;TRENCHING-BUCKET;USD,369,MFG Cost Books,USD,,2025-01-01T20:00:00.000+0000,,TRENCHING-BUCKET
MFG Cost Books;414LP-KAA-CAB3;USD,125.4,MFG Cost Books,USD,,2025-01-01T20:00:00.000+0000,,414LP-KAA-CAB3
MFG Cost Books;ACET-50-20L;USD,25.6,MFG Cost Books,USD,,2025-01-01T20:00:00.000+0000,,ACET-50-20L
MFG Cost Books;AR-300-1000KG;USD,1190,MFG Cost Books,USD,,2025-01-01T20:00:00.000+0000,,AR-300-1000KG
MFG Cost Books;CI-3000-20L;USD,42,MFG Cost Books,USD,,2025-01-01T20:00:00.000+0000,,CI-3000-20L
MFG Cost Books;DF-4000-20L;USD,32.5,MFG Cost Books,USD,,2025-01-01T20:00:00.000+0000,,DF-4000-20L
MFG Cost Books;EPX-500-200KG;USD,432,MFG Cost Books,USD,,2025-01-01T20:00:00.000+0000,,EPX-500-200KG
MFG Cost Books;ACET-50-200L;USD,110,MFG Cost Books,USD,,2025-01-01T20:00:00.000+0000,,ACET-50-200L
MFG Cost Books;AR-300-200KG-DR;USD,296,MFG Cost Books,USD,,2025-01-01T20:00:00.000+0000,,AR-300-200KG-DR
MFG Cost Books;NH3-CYL;USD,27.5,MFG Cost Books,USD,,2025-01-01T20:00:00.000+0000,,NH3-CYL
MFG Cost Books;CI-3000-200L;USD,360,MFG Cost Books,USD,,2025-01-01T20:00:00.000+0000,,CI-3000-200L
MFG Cost Books;NaOH-25KG;USD,28.8,MFG Cost Books,USD,,2025-01-01T20:00:00.000+0000,,NaOH-25KG
MFG Cost Books;AO-1000-25KG;USD,129.5,MFG Cost Books,USD,,2025-01-01T20:00:00.000+0000,,AO-1000-25KG
MFG Cost Books;UV-2000-25KG;USD,216,MFG Cost Books,USD,,2025-01-01T20:00:00.000+0000,,UV-2000-25KG
MFG Cost Books;AO-1000-50KG;USD,180,MFG Cost Books,USD,,2025-01-01T20:00:00.000+0000,,AO-1000-50KG
MFG Cost Books;XYL-200-1000L;USD,423,MFG Cost Books,USD,,2025-01-01T20:00:00.000+0000,,XYL-200-1000L
MFG Cost Books;DF-4000-200L;USD,169,MFG Cost Books,USD,,2025-01-01T20:00:00.000+0000,,DF-4000-200L
MFG Cost Books;EPX-500-20KG;USD,32,MFG Cost Books,USD,,2025-01-01T20:00:00.000+0000,,EPX-500-20KG
MFG Cost Books;TOL-100-200L;USD,129,MFG Cost Books,USD,,2025-01-01T20:00:00.000+0000,,TOL-100-200L
MFG Cost Books;PE-1000-25KG;USD,66,MFG Cost Books,USD,,2025-01-01T20:00:00.000+0000,,PE-1000-25KG
MFG Cost Books;PC-500-5KG;USD,25,MFG Cost Books,USD,,2025-01-01T20:00:00.000+0000,,PC-500-5KG
MFG Cost Books;NaOH-50KG;USD,46.5,MFG Cost Books,USD,,2025-01-01T20:00:00.000+0000,,NaOH-50KG
MFG Cost Books;H2SO4-200L-DR;USD,104,MFG Cost Books,USD,,2025-01-01T20:00:00.000+0000,,H2SO4-200L-DR
MFG Cost Books;H2SO4-1000L-IBC;USD,165,MFG Cost Books,USD,,2025-01-01T20:00:00.000+0000,,H2SO4-1000L-IBC
MFG Cost Books;TiO2-500-1000KG;USD,780,MFG Cost Books,USD,,2025-01-01T20:00:00.000+0000,,TiO2-500-1000KG
MFG Cost Books;TOL-100-1000L;USD,270,MFG Cost Books,USD,,2025-01-01T20:00:00.000+0000,,TOL-100-1000L
MFG Cost Books;XYL-200-200L;USD,119,MFG Cost Books,USD,,2025-01-01T20:00:00.000+0000,,XYL-200-200L
MFG Cost Books;TiO2-500-25KG;USD,33.6,MFG Cost Books,USD,,2025-01-01T20:00:00.000+0000,,TiO2-500-25KG
MFG Cost Books;FESBA_BB23-2;USD,429.6,MFG Cost Books,USD,,2025-01-01T20:00:00.000+0000,,FESBA_BB23-2
MFG Cost Books;0155-2696-07-FRD;USD,1065,MFG Cost Books,USD,,2025-01-01T20:00:00.000+0000,,0155-2696-07-FRD
MFG Cost Books;FESBA_B601-2;USD,716.1,MFG Cost Books,USD,,2025-01-01T20:00:00.000+0000,,FESBA_B601-2
MFG Cost Books;0300-5929-01-FRD;USD,127.1,MFG Cost Books,USD,,2025-01-01T20:00:00.000+0000,,0300-5929-01-FRD
MFG Cost Books;FESBA_BB17-2;USD,152.5,MFG Cost Books,USD,,2025-01-01T20:00:00.000+0000,,FESBA_BB17-2
MFG Cost Books;0300-5929-02-FRD;USD,270,MFG Cost Books,USD,,2025-01-01T20:00:00.000+0000,,0300-5929-02-FRD
MFG Cost Books;FESBA_B602-2;USD,75.2,MFG Cost Books,USD,,2025-01-01T20:00:00.000+0000,,FESBA_B602-2
MFG Cost Books;0416-0439-FRD;USD,158.4,MFG Cost Books,USD,,2025-01-01T20:00:00.000+0000,,0416-0439-FRD
MFG Cost Books;FESBA_BB18-2;USD,1132.7,MFG Cost Books,USD,,2025-01-01T20:00:00.000+0000,,FESBA_BB18-2
MFG Cost Books;0416-0527-FRD;USD,147,MFG Cost Books,USD,,2025-01-01T20:00:00.000+0000,,0416-0527-FRD
MFG Cost Books;FESBA_B603-2;USD,127,MFG Cost Books,USD,,2025-01-01T20:00:00.000+0000,,FESBA_B603-2
MFG Cost Books;0541-1204-FRD;USD,1080,MFG Cost Books,USD,,2025-01-01T20:00:00.000+0000,,0541-1204-FRD
MFG Cost Books;FESBA_BB20-2;USD,86.4,MFG Cost Books,USD,,2025-01-01T20:00:00.000+0000,,FESBA_BB20-2
MFG Cost Books;A030S169-FRD;USD,26,MFG Cost Books,USD,,2025-01-01T20:00:00.000+0000,,A030S169-FRD
MFG Cost Books;FESBA_B604-2;USD,220.8,MFG Cost Books,USD,,2025-01-01T20:00:00.000+0000,,FESBA_B604-2
MFG Cost Books;A035K427-FRD;USD,366.6,MFG Cost Books,USD,,2025-01-01T20:00:00.000+0000,,A035K427-FRD
MFG Cost Books;FESBA_B607-2;USD,258.7,MFG Cost Books,USD,,2025-01-01T20:00:00.000+0000,,FESBA_B607-2
MFG Cost Books;A046D218-FRD;USD,585,MFG Cost Books,USD,,2025-01-01T20:00:00.000+0000,,A046D218-FRD
MFG Cost Books;A051H785-FRD;USD,97.2,MFG Cost Books,USD,,2025-01-01T20:00:00.000+0000,,A051H785-FRD
MFG Cost Books;FESBA_BB08-2;USD,970.2,MFG Cost Books,USD,,2025-01-01T20:00:00.000+0000,,FESBA_BB08-2
MFG Cost Books;A048N280-FRD;USD,273.6,MFG Cost Books,USD,,2025-01-01T20:00:00.000+0000,,A048N280-FRD
MFG Cost Books;FESBA_B595-2;USD,359.6,MFG Cost Books,USD,,2025-01-01T20:00:00.000+0000,,FESBA_B595-2
MFG Cost Books;FESBA_BB10-2;USD,256.5,MFG Cost Books,USD,,2025-01-01T20:00:00.000+0000,,FESBA_BB10-2
MFG Cost Books;A051K118-FRD;USD,287.5,MFG Cost Books,USD,,2025-01-01T20:00:00.000+0000,,A051K118-FRD
MFG Cost Books;FESBA_R132-2;USD,168,MFG Cost Books,USD,,2025-01-01T20:00:00.000+0000,,FESBA_R132-2
MFG Cost Books;A052X578-FRD;USD,643.2,MFG Cost Books,USD,,2025-01-01T20:00:00.000+0000,,A052X578-FRD
MFG Cost Books;FESBA_900;USD,396,MFG Cost Books,USD,,2025-01-01T20:00:00.000+0000,,FESBA_900
MFG Cost Books;A052X580-FRD;USD,265.2,MFG Cost Books,USD,,2025-01-01T20:00:00.000+0000,,A052X580-FRD
MFG Cost Books;FESBA_1200;USD,231,MFG Cost Books,USD,,2025-01-01T20:00:00.000+0000,,FESBA_1200
MFG Cost Books;A052X582-FRD;USD,789.6,MFG Cost Books,USD,,2025-01-01T20:00:00.000+0000,,A052X582-FRD
MFG Cost Books;FESBA_1500;USD,600,MFG Cost Books,USD,,2025-01-01T20:00:00.000+0000,,FESBA_1500
MFG Cost Books;A052X584-FRD;USD,1062.6,MFG Cost Books,USD,,2025-01-01T20:00:00.000+0000,,A052X584-FRD
MFG Cost Books;FESBA_1750;USD,930,MFG Cost Books,USD,,2025-01-01T20:00:00.000+0000,,FESBA_1750
MFG Cost Books;A052X586-FRD;USD,180,MFG Cost Books,USD,,2025-01-01T20:00:00.000+0000,,A052X586-FRD
MFG Cost Books;FESBA_2500;USD,1344,MFG Cost Books,USD,,2025-01-01T20:00:00.000+0000,,FESBA_2500
MFG Cost Books;0402-0750-01-FRD;USD,155,MFG Cost Books,USD,,2025-01-01T20:00:00.000+0000,,0402-0750-01-FRD
MFG Cost Books;FESBA_R099-2;USD,466.2,MFG Cost Books,USD,,2025-01-01T20:00:00.000+0000,,FESBA_R099-2
MFG Cost Books;FESBA_NOENC;USD,0,MFG Cost Books,USD,,2025-01-01T20:00:00.000+0000,,FESBA_NOENC
MFG Cost Books;FESBA_R003-2;USD,424.8,MFG Cost Books,USD,,2025-01-01T20:00:00.000+0000,,FESBA_R003-2
MFG Cost Books;FESBA_WHENC;USD,287.88,MFG Cost Books,USD,,2025-01-01T20:00:00.000+0000,,FESBA_WHENC
MFG Cost Books;FESBA_B691-2;USD,417.6,MFG Cost Books,USD,,2025-01-01T20:00:00.000+0000,,FESBA_B691-2
MFG Cost Books;FESBA_S1ENC;USD,505.89,MFG Cost Books,USD,,2025-01-01T20:00:00.000+0000,,FESBA_S1ENC
MFG Cost Books;FESBA_R023-2;USD,1099.8,MFG Cost Books,USD,,2025-01-01T20:00:00.000+0000,,FESBA_R023-2
MFG Cost Books;FESBA_S2ENC;USD,1631.76,MFG Cost Books,USD,,2025-01-01T20:00:00.000+0000,,FESBA_S2ENC
MFG Cost Books;FESBA_B715-2;USD,180,MFG Cost Books,USD,,2025-01-01T20:00:00.000+0000,,FESBA_B715-2
MFG Cost Books;FESBA_S3ENC;USD,4049.55,MFG Cost Books,USD,,2025-01-01T20:00:00.000+0000,,FESBA_S3ENC
MFG Cost Books;FESBA_R002-2;USD,75.6,MFG Cost Books,USD,,2025-01-01T20:00:00.000+0000,,FESBA_R002-2
MFG Cost Books;Electrical-Engineer;USD,187,MFG Cost Books,USD,,2025-01-01T20:00:00.000+0000,,Electrical-Engineer
MFG Cost Books;FESBA_B801-2;USD,608.4,MFG Cost Books,USD,,2025-01-01T20:00:00.000+0000,,FESBA_B801-2
MFG Cost Books;Mechanical-Engineer;USD,185,MFG Cost Books,USD,,2025-01-01T20:00:00.000+0000,,Mechanical-Engineer
MFG Cost Books;FESBA_R114-2;USD,382.8,MFG Cost Books,USD,,2025-01-01T20:00:00.000+0000,,FESBA_R114-2
MFG Cost Books;Civil-Engineer;USD,78,MFG Cost Books,USD,,2025-01-01T20:00:00.000+0000,,Civil-Engineer
MFG Cost Books;FESBA_B816-2;USD,683.4,MFG Cost Books,USD,,2025-01-01T20:00:00.000+0000,,FESBA_B816-2
MFG Cost Books;FESBA_R107-2;USD,752.4,MFG Cost Books,USD,,2025-01-01T20:00:00.000+0000,,FESBA_R107-2
MFG Cost Books;FESBA_B817-2;USD,470,MFG Cost Books,USD,,2025-01-01T20:00:00.000+0000,,FESBA_B817-2
MFG Cost Books;Mounting-Hardware;USD,70,MFG Cost Books,USD,,2025-01-01T20:00:00.000+0000,,Mounting-Hardware
MFG Cost Books;FESBA_R144-2;USD,448.4,MFG Cost Books,USD,,2025-01-01T20:00:00.000+0000,,FESBA_R144-2
MFG Cost Books;Generator-Wiring;USD,54,MFG Cost Books,USD,,2025-01-01T20:00:00.000+0000,,Generator-Wiring
MFG Cost Books;FESBA_B903-2;USD,239.7,MFG Cost Books,USD,,2025-01-01T20:00:00.000+0000,,FESBA_B903-2
MFG Cost Books;Generator-Conduit;USD,93,MFG Cost Books,USD,,2025-01-01T20:00:00.000+0000,,Generator-Conduit
MFG Cost Books;FESBA_B904-2;USD,924,MFG Cost Books,USD,,2025-01-01T20:00:00.000+0000,,FESBA_B904-2
MFG Cost Books;FESBA_B598-2;USD,270,MFG Cost Books,USD,,2025-01-01T20:00:00.000+0000,,FESBA_B598-2
MFG Cost Books;FESBA_BB12-2;USD,85.8,MFG Cost Books,USD,,2025-01-01T20:00:00.000+0000,,FESBA_BB12-2
MFG Cost Books;FESBA_B600-2;USD,245.7,MFG Cost Books,USD,,2025-01-01T20:00:00.000+0000,,FESBA_B600-2
MFG Cost Books;FESBA_B599-2;USD,232.9,MFG Cost Books,USD,,2025-01-01T20:00:00.000+0000,,FESBA_B599-2
MFG Cost Books;FESBA_BB14-2;USD,206.4,MFG Cost Books,USD,,2025-01-01T20:00:00.000+0000,,FESBA_BB14-2
MFG Cost Books;FESBA_BB26-2;USD,169,MFG Cost Books,USD,,2025-01-01T20:00:00.000+0000,,FESBA_BB26-2
MFG Cost Books;FESBA_B612-2;USD,204.6,MFG Cost Books,USD,,2025-01-01T20:00:00.000+0000,,FESBA_B612-2
MFG Cost Books;FESBA_BB15-2;USD,174,MFG Cost Books,USD,,2025-01-01T20:00:00.000+0000,,FESBA_BB15-2
MFG Cost Books;FESBA_BB29-2;USD,772.2,MFG Cost Books,USD,,2025-01-01T20:00:00.000+0000,,FESBA_BB29-2
MFG Cost Books;FESBA_R130-2;USD,598.5,MFG Cost Books,USD,,2025-01-01T20:00:00.000+0000,,FESBA_R130-2
MFG Cost Books;FESBA_B628-2;USD,33.6,MFG Cost Books,USD,,2025-01-01T20:00:00.000+0000,,FESBA_B628-2
MFG Cost Books;FESBA_B905-2;USD,179.3,MFG Cost Books,USD,,2025-01-01T20:00:00.000+0000,,FESBA_B905-2
MFG Cost Books;FESBA_BC03-2;USD,348.6,MFG Cost Books,USD,,2025-01-01T20:00:00.000+0000,,FESBA_BC03-2
MFG Cost Books;FESBA_B313-2;USD,122.2,MFG Cost Books,USD,,2025-01-01T20:00:00.000+0000,,FESBA_B313-2
MFG Cost Books;FESBA_B660-2;USD,1066.5,MFG Cost Books,USD,,2025-01-01T20:00:00.000+0000,,FESBA_B660-2
MFG Cost Books;FESBA_B906-2;USD,587.5,MFG Cost Books,USD,,2025-01-01T20:00:00.000+0000,,FESBA_B906-2
MFG Cost Books;FESBA_BC04-2;USD,580,MFG Cost Books,USD,,2025-01-01T20:00:00.000+0000,,FESBA_BC04-2
MFG Cost Books;FESBA_B448-2;USD,174,MFG Cost Books,USD,,2025-01-01T20:00:00.000+0000,,FESBA_B448-2
MFG Cost Books;FESBA_B663-2;USD,66,MFG Cost Books,USD,,2025-01-01T20:00:00.000+0000,,FESBA_B663-2
MFG Cost Books;FESBA_B907-2;USD,115.5,MFG Cost Books,USD,,2025-01-01T20:00:00.000+0000,,FESBA_B907-2
MFG Cost Books;FESBA_BC05-2;USD,165.6,MFG Cost Books,USD,,2025-01-01T20:00:00.000+0000,,FESBA_BC05-2
MFG Cost Books;FESBA_B467-2;USD,393.6,MFG Cost Books,USD,,2025-01-01T20:00:00.000+0000,,FESBA_B467-2
MFG Cost Books;FESBA_B664-2;USD,605.2,MFG Cost Books,USD,,2025-01-01T20:00:00.000+0000,,FESBA_B664-2
MFG Cost Books;FESBA_B909-2;USD,376,MFG Cost Books,USD,,2025-01-01T20:00:00.000+0000,,FESBA_B909-2
MFG Cost Books;FESBA_2940;USD,455.8,MFG Cost Books,USD,,2025-01-01T20:00:00.000+0000,,FESBA_2940
MFG Cost Books;FESBA_B567-2;USD,520.8,MFG Cost Books,USD,,2025-01-01T20:00:00.000+0000,,FESBA_B567-2
MFG Cost Books;FESBA_B688-2;USD,756,MFG Cost Books,USD,,2025-01-01T20:00:00.000+0000,,FESBA_B688-2
MFG Cost Books;FESBA_L016-2;USD,416.5,MFG Cost Books,USD,,2025-01-01T20:00:00.000+0000,,FESBA_L016-2
MFG Cost Books;FESBA_D041-2;USD,582.4,MFG Cost Books,USD,,2025-01-01T20:00:00.000+0000,,FESBA_D041-2
MFG Cost Books;FESBA_L017-2;USD,691.6,MFG Cost Books,USD,,2025-01-01T20:00:00.000+0000,,FESBA_L017-2
MFG Cost Books;FESBA_L253-2;USD,138,MFG Cost Books,USD,,2025-01-01T20:00:00.000+0000,,FESBA_L253-2
MFG Cost Books;FESBA_D036-2;USD,412.5,MFG Cost Books,USD,,2025-01-01T20:00:00.000+0000,,FESBA_D036-2
MFG Cost Books;FESBA_A334-2;USD,539,MFG Cost Books,USD,,2025-01-01T20:00:00.000+0000,,FESBA_A334-2
MFG Cost Books;FESBA_L254-2;USD,1151.5,MFG Cost Books,USD,,2025-01-01T20:00:00.000+0000,,FESBA_L254-2
MFG Cost Books;FESBA_A333-2;USD,496.1,MFG Cost Books,USD,,2025-01-01T20:00:00.000+0000,,FESBA_A333-2
MFG Cost Books;FESBA_L018-2;USD,554.4,MFG Cost Books,USD,,2025-01-01T20:00:00.000+0000,,FESBA_L018-2
MFG Cost Books;FESBA_H607-2;USD,318,MFG Cost Books,USD,,2025-01-01T20:00:00.000+0000,,FESBA_H607-2
MFG Cost Books;FESBA_L255-2;USD,162,MFG Cost Books,USD,,2025-01-01T20:00:00.000+0000,,FESBA_L255-2
MFG Cost Books;FESBA_H734-2;USD,235.6,MFG Cost Books,USD,,2025-01-01T20:00:00.000+0000,,FESBA_H734-2
MFG Cost Books;FESBA_L019-2;USD,34.8,MFG Cost Books,USD,,2025-01-01T20:00:00.000+0000,,FESBA_L019-2
MFG Cost Books;FESBA_H110-2;USD,229.2,MFG Cost Books,USD,,2025-01-01T20:00:00.000+0000,,FESBA_H110-2
MFG Cost Books;FESBA_L256-2;USD,482.6,MFG Cost Books,USD,,2025-01-01T20:00:00.000+0000,,FESBA_L256-2
MFG Cost Books;FESBA_C127-2;USD,502.9,MFG Cost Books,USD,,2025-01-01T20:00:00.000+0000,,FESBA_C127-2
MFG Cost Books;FESBA_L020-2;USD,598,MFG Cost Books,USD,,2025-01-01T20:00:00.000+0000,,FESBA_L020-2
MFG Cost Books;FESBA_3090;USD,238,MFG Cost Books,USD,,2025-01-01T20:00:00.000+0000,,FESBA_3090
MFG Cost Books;FESBA_L257-2;USD,305.1,MFG Cost Books,USD,,2025-01-01T20:00:00.000+0000,,FESBA_L257-2
MFG Cost Books;FESBA_C278-2;USD,170.1,MFG Cost Books,USD,,2025-01-01T20:00:00.000+0000,,FESBA_C278-2
MFG Cost Books;FESBA_L021-2;USD,501.9,MFG Cost Books,USD,,2025-01-01T20:00:00.000+0000,,FESBA_L021-2
MFG Cost Books;FESBA_KS58-2;USD,710.6,MFG Cost Books,USD,,2025-01-01T20:00:00.000+0000,,FESBA_KS58-2
MFG Cost Books;FESBA_L258-2;USD,108.8,MFG Cost Books,USD,,2025-01-01T20:00:00.000+0000,,FESBA_L258-2
MFG Cost Books;FESBA_KU71-2;USD,312,MFG Cost Books,USD,,2025-01-01T20:00:00.000+0000,,FESBA_KU71-2
MFG Cost Books;FESBA_L022-2;USD,458.5,MFG Cost Books,USD,,2025-01-01T20:00:00.000+0000,,FESBA_L022-2
MFG Cost Books;FESBA_H557-2;USD,270,MFG Cost Books,USD,,2025-01-01T20:00:00.000+0000,,FESBA_H557-2
MFG Cost Books;FESBA_L057-2;USD,0,MFG Cost Books,USD,,2025-01-01T20:00:00.000+0000,,FESBA_L057-2
MFG Cost Books;FESBA_KC53-2;USD,660,MFG Cost Books,USD,,2025-01-01T20:00:00.000+0000,,FESBA_KC53-2
MFG Cost Books;FESBA_L038-2;USD,77.7,MFG Cost Books,USD,,2025-01-01T20:00:00.000+0000,,FESBA_L038-2
MFG Cost Books;FESBA_L115-2;USD,0,MFG Cost Books,USD,,2025-01-01T20:00:00.000+0000,,FESBA_L115-2
MFG Cost Books;FESBA_E043-2;USD,19.5,MFG Cost Books,USD,,2025-01-01T20:00:00.000+0000,,FESBA_E043-2
MFG Cost Books;FESBA_L252-2;USD,466.2,MFG Cost Books,USD,,2025-01-01T20:00:00.000+0000,,FESBA_L252-2
MFG Cost Books;FESBA_KP93-2;USD,307.8,MFG Cost Books,USD,,2025-01-01T20:00:00.000+0000,,FESBA_KP93-2
MFG Cost Books;FESBA_E125-2;USD,165.6,MFG Cost Books,USD,,2025-01-01T20:00:00.000+0000,,FESBA_E125-2
MFG Cost Books;FESBA_L072-2;USD,0,MFG Cost Books,USD,,2025-01-01T20:00:00.000+0000,,FESBA_L072-2
MFG Cost Books;FESBA_KP91-2;USD,373.5,MFG Cost Books,USD,,2025-01-01T20:00:00.000+0000,,FESBA_KP91-2
MFG Cost Books;FESBA_E126-2;USD,46.4,MFG Cost Books,USD,,2025-01-01T20:00:00.000+0000,,FESBA_E126-2
MFG Cost Books;FESBA_KP89-2;USD,598.6,MFG Cost Books,USD,,2025-01-01T20:00:00.000+0000,,FESBA_KP89-2
MFG Cost Books;FESBA_E128-2;USD,531,MFG Cost Books,USD,,2025-01-01T20:00:00.000+0000,,FESBA_E128-2
MFG Cost Books;FESBA_KP87-2;USD,595,MFG Cost Books,USD,,2025-01-01T20:00:00.000+0000,,FESBA_KP87-2
MFG Cost Books;FESBA_E080-2;USD,393.6,MFG Cost Books,USD,,2025-01-01T20:00:00.000+0000,,FESBA_E080-2
MFG Cost Books;FESBA_KP85-2;USD,380,MFG Cost Books,USD,,2025-01-01T20:00:00.000+0000,,FESBA_KP85-2
MFG Cost Books;FESBA_H389-2;USD,37.5,MFG Cost Books,USD,,2025-01-01T20:00:00.000+0000,,FESBA_H389-2
MFG Cost Books;FESBA_KP83-2;USD,429,MFG Cost Books,USD,,2025-01-01T20:00:00.000+0000,,FESBA_KP83-2
MFG Cost Books;FESBA_H527-2;USD,441.6,MFG Cost Books,USD,,2025-01-01T20:00:00.000+0000,,FESBA_H527-2
MFG Cost Books;FESBA_KU68-2;USD,558,MFG Cost Books,USD,,2025-01-01T20:00:00.000+0000,,FESBA_KU68-2
MFG Cost Books;FESBA_B225-2;USD,208,MFG Cost Books,USD,,2025-01-01T20:00:00.000+0000,,FESBA_B225-2
MFG Cost Books;FESBA_KB71-2;USD,79.9,MFG Cost Books,USD,,2025-01-01T20:00:00.000+0000,,FESBA_KB71-2
MFG Cost Books;FESBA_B244-2;USD,165,MFG Cost Books,USD,,2025-01-01T20:00:00.000+0000,,FESBA_B244-2
MFG Cost Books;FESBA_KB73-2;USD,343,MFG Cost Books,USD,,2025-01-01T20:00:00.000+0000,,FESBA_KB73-2
MFG Cost Books;FESBA_A292-2;USD,372,MFG Cost Books,USD,,2025-01-01T20:00:00.000+0000,,FESBA_A292-2
MFG Cost Books;FESBA_KU83-2;USD,267.2,MFG Cost Books,USD,,2025-01-01T20:00:00.000+0000,,FESBA_KU83-2
MFG Cost Books;FESBA_A293-2;USD,592.1,MFG Cost Books,USD,,2025-01-01T20:00:00.000+0000,,FESBA_A293-2
MFG Cost Books;FESBA_KP94-2;USD,460,MFG Cost Books,USD,,2025-01-01T20:00:00.000+0000,,FESBA_KP94-2
MFG Cost Books;FESBA_H556-2;USD,76,MFG Cost Books,USD,,2025-01-01T20:00:00.000+0000,,FESBA_H556-2
MFG Cost Books;FESBA_A416-2;USD,408,MFG Cost Books,USD,,2025-01-01T20:00:00.000+0000,,FESBA_A416-2
MFG Cost Books;FESBA_B791-2;USD,232,MFG Cost Books,USD,,2025-01-01T20:00:00.000+0000,,FESBA_B791-2
MFG Cost Books;FESBA_KU70-2;USD,428.8,MFG Cost Books,USD,,2025-01-01T20:00:00.000+0000,,FESBA_KU70-2
MFG Cost Books;FESBA_3750;USD,66,MFG Cost Books,USD,,2025-01-01T20:00:00.000+0000,,FESBA_3750
MFG Cost Books;FESBA_KC52-2;USD,192.2,MFG Cost Books,USD,,2025-01-01T20:00:00.000+0000,,FESBA_KC52-2
MFG Cost Books;FESBA_KP92-2;USD,237.8,MFG Cost Books,USD,,2025-01-01T20:00:00.000+0000,,FESBA_KP92-2
MFG Cost Books;FESBA_KR78-2;USD,126.9,MFG Cost Books,USD,,2025-01-01T20:00:00.000+0000,,FESBA_KR78-2
MFG Cost Books;FESBA_KP90-2;USD,198.9,MFG Cost Books,USD,,2025-01-01T20:00:00.000+0000,,FESBA_KP90-2
MFG Cost Books;FESBA_KR08-2;USD,346.5,MFG Cost Books,USD,,2025-01-01T20:00:00.000+0000,,FESBA_KR08-2
MFG Cost Books;FESBA_KP88-2;USD,177.6,MFG Cost Books,USD,,2025-01-01T20:00:00.000+0000,,FESBA_KP88-2
MFG Cost Books;FESBA_K993-2;USD,67.1,MFG Cost Books,USD,,2025-01-01T20:00:00.000+0000,,FESBA_K993-2
MFG Cost Books;FESBA_KP86-2;USD,183.6,MFG Cost Books,USD,,2025-01-01T20:00:00.000+0000,,FESBA_KP86-2
MFG Cost Books;FESBA_KP78-2;USD,339.9,MFG Cost Books,USD,,2025-01-01T20:00:00.000+0000,,FESBA_KP78-2
MFG Cost Books;FESBA_KP84-2;USD,370,MFG Cost Books,USD,,2025-01-01T20:00:00.000+0000,,FESBA_KP84-2
MFG Cost Books;FESBA_KU93-2;USD,421.2,MFG Cost Books,USD,,2025-01-01T20:00:00.000+0000,,FESBA_KU93-2
MFG Cost Books;FESBA_KP82-2;USD,244.2,MFG Cost Books,USD,,2025-01-01T20:00:00.000+0000,,FESBA_KP82-2
MFG Cost Books;FESBA_KU94-2;USD,490.6,MFG Cost Books,USD,,2025-01-01T20:00:00.000+0000,,FESBA_KU94-2
MFG Cost Books;FESBA_KU62-2;USD,348,MFG Cost Books,USD,,2025-01-01T20:00:00.000+0000,,FESBA_KU62-2
MFG Cost Books;FESBA_KU95-2;USD,459.8,MFG Cost Books,USD,,2025-01-01T20:00:00.000+0000,,FESBA_KU95-2
MFG Cost Books;FESBA_KB70-2;USD,160,MFG Cost Books,USD,,2025-01-01T20:00:00.000+0000,,FESBA_KB70-2
MFG Cost Books;FESBA_F258-2;USD,485,MFG Cost Books,USD,,2025-01-01T20:00:00.000+0000,,FESBA_F258-2
MFG Cost Books;FESBA_KB72-2;USD,273.6,MFG Cost Books,USD,,2025-01-01T20:00:00.000+0000,,FESBA_KB72-2
MFG Cost Books;FESBA_F259-2;USD,92.3,MFG Cost Books,USD,,2025-01-01T20:00:00.000+0000,,FESBA_F259-2
MFG Cost Books;FESBA_KU84-2;USD,355.6,MFG Cost Books,USD,,2025-01-01T20:00:00.000+0000,,FESBA_KU84-2
MFG Cost Books;FESBA_KS57-2;USD,392.5,MFG Cost Books,USD,,2025-01-01T20:00:00.000+0000,,FESBA_KS57-2
MFG Cost Books;FESBA_H666-2;USD,597.5,MFG Cost Books,USD,,2025-01-01T20:00:00.000+0000,,FESBA_H666-2
MFG Cost Books;FESBA_H723-2;USD,476.1,MFG Cost Books,USD,,2025-01-01T20:00:00.000+0000,,FESBA_H723-2
MFG Cost Books;FESBA_H724-2;USD,269.7,MFG Cost Books,USD,,2025-01-01T20:00:00.000+0000,,FESBA_H724-2
MFG Cost Books;FESBA_KP99-2;USD,334.9,MFG Cost Books,USD,,2025-01-01T20:00:00.000+0000,,FESBA_KP99-2
MFG Cost Books;FESBA_KP98-2;USD,312.9,MFG Cost Books,USD,,2025-01-01T20:00:00.000+0000,,FESBA_KP98-2
MFG Cost Books;FESBA_KR01-2;USD,585,MFG Cost Books,USD,,2025-01-01T20:00:00.000+0000,,FESBA_KR01-2
MFG Cost Books;FESBA_KR02-2;USD,257.4,MFG Cost Books,USD,,2025-01-01T20:00:00.000+0000,,FESBA_KR02-2
MFG Cost Books;FESBA_KU99-2;USD,48.6,MFG Cost Books,USD,,2025-01-01T20:00:00.000+0000,,FESBA_KU99-2
MFG Cost Books;FESBA_H704-2;USD,512.5,MFG Cost Books,USD,,2025-01-01T20:00:00.000+0000,,FESBA_H704-2
MFG Cost Books;FESBA_KX21-2;USD,654.9,MFG Cost Books,USD,,2025-01-01T20:00:00.000+0000,,FESBA_KX21-2
MFG Cost Books;FESBA_A460-2;USD,816,MFG Cost Books,USD,,2025-01-01T20:00:00.000+0000,,FESBA_A460-2
MFG Cost Books;FESBA_H606-2;USD,179.3,MFG Cost Books,USD,,2025-01-01T20:00:00.000+0000,,FESBA_H606-2
MFG Cost Books;FESBA_H678-2;USD,149.6,MFG Cost Books,USD,,2025-01-01T20:00:00.000+0000,,FESBA_H678-2
MFG Cost Books;FESBA_H720-2;USD,684,MFG Cost Books,USD,,2025-01-01T20:00:00.000+0000,,FESBA_H720-2
MFG Cost Books;FESBA_K020-2;USD,938.6,MFG Cost Books,USD,,2025-01-01T20:00:00.000+0000,,FESBA_K020-2
MFG Cost Books;FESBA_KA08-2;USD,947.6,MFG Cost Books,USD,,2025-01-01T20:00:00.000+0000,,FESBA_KA08-2
MFG Cost Books;FESBA_KX24-2;USD,710.6,MFG Cost Books,USD,,2025-01-01T20:00:00.000+0000,,FESBA_KX24-2
MFG Cost Books;FESBA_KS53-2;USD,199.2,MFG Cost Books,USD,,2025-01-01T20:00:00.000+0000,,FESBA_KS53-2
MFG Cost Books;FESBA_KY01-2;USD,283.8,MFG Cost Books,USD,,2025-01-01T20:00:00.000+0000,,FESBA_KY01-2
MFG Cost Books;FESBA_H244-2;USD,127.5,MFG Cost Books,USD,,2025-01-01T20:00:00.000+0000,,FESBA_H244-2
MFG Cost Books;FESBA_5860;USD,418,MFG Cost Books,USD,,2025-01-01T20:00:00.000+0000,,FESBA_5860
MFG Cost Books;FESBA_L026-2;USD,290.4,MFG Cost Books,USD,,2025-01-01T20:00:00.000+0000,,FESBA_L026-2
MFG Cost Books;FESBA_L027-2;USD,184.6,MFG Cost Books,USD,,2025-01-01T20:00:00.000+0000,,FESBA_L027-2
MFG Cost Books;FESBA_L011-2;USD,322.4,MFG Cost Books,USD,,2025-01-01T20:00:00.000+0000,,FESBA_L011-2
MFG Cost Books;FESBA_L012-2;USD,644,MFG Cost Books,USD,,2025-01-01T20:00:00.000+0000,,FESBA_L012-2
MFG Cost Books;FESBA_L013-2;USD,381.3,MFG Cost Books,USD,,2025-01-01T20:00:00.000+0000,,FESBA_L013-2
MFG Cost Books;FESBA_L014-2;USD,992.2,MFG Cost Books,USD,,2025-01-01T20:00:00.000+0000,,FESBA_L014-2
MFG Cost Books;FESBA_L015-2;USD,495,MFG Cost Books,USD,,2025-01-01T20:00:00.000+0000,,FESBA_L015-2
MFG Cost Books;FESBA_L010-2;USD,107.8,MFG Cost Books,USD,,2025-01-01T20:00:00.000+0000,,FESBA_L010-2
MFG Cost Books;FESBA_L023-2;USD,657.9,MFG Cost Books,USD,,2025-01-01T20:00:00.000+0000,,FESBA_L023-2
MFG Cost Books;FESBA_L025-2;USD,866.4,MFG Cost Books,USD,,2025-01-01T20:00:00.000+0000,,FESBA_L025-2
MFG Cost Books;FESBA_L190-2;USD,300.9,MFG Cost Books,USD,,2025-01-01T20:00:00.000+0000,,FESBA_L190-2
MFG Cost Books;FESBA_L024-2;USD,597,MFG Cost Books,USD,,2025-01-01T20:00:00.000+0000,,FESBA_L024-2
MFG Cost Books;FESBA_L028-2;USD,169.2,MFG Cost Books,USD,,2025-01-01T20:00:00.000+0000,,FESBA_L028-2
MFG Cost Books;FESBA_L182-2;USD,422.4,MFG Cost Books,USD,,2025-01-01T20:00:00.000+0000,,FESBA_L182-2
MFG Cost Books;FESBA_L183-2;USD,252,MFG Cost Books,USD,,2025-01-01T20:00:00.000+0000,,FESBA_L183-2
MFG Cost Books;FESBA_L184-2;USD,444.5,MFG Cost Books,USD,,2025-01-01T20:00:00.000+0000,,FESBA_L184-2
MFG Cost Books;FESBA_L185-2;USD,771.9,MFG Cost Books,USD,,2025-01-01T20:00:00.000+0000,,FESBA_L185-2
MFG Cost Books;FESBA_L186-2;USD,74.4,MFG Cost Books,USD,,2025-01-01T20:00:00.000+0000,,FESBA_L186-2
MFG Cost Books;FESBA_L187-2;USD,61.2,MFG Cost Books,USD,,2025-01-01T20:00:00.000+0000,,FESBA_L187-2
MFG Cost Books;FESBA_L188-2;USD,531.3,MFG Cost Books,USD,,2025-01-01T20:00:00.000+0000,,FESBA_L188-2
MFG Cost Books;FESBA_L189-2;USD,590.7,MFG Cost Books,USD,,2025-01-01T20:00:00.000+0000,,FESBA_L189-2
MFG Cost Books;FESBA_L050-2;USD,0,MFG Cost Books,USD,,2025-01-01T20:00:00.000+0000,,FESBA_L050-2
MFG Cost Books;FESBA_L114-2;USD,0,MFG Cost Books,USD,,2025-01-01T20:00:00.000+0000,,FESBA_L114-2
MFG Cost Books;FESBA_L191-2;USD,345.6,MFG Cost Books,USD,,2025-01-01T20:00:00.000+0000,,FESBA_L191-2
MFG Cost Books;FESBA_L052-2;USD,0,MFG Cost Books,USD,,2025-01-01T20:00:00.000+0000,,FESBA_L052-2
MFG Cost Books;FESBA_L192-2;USD,100.3,MFG Cost Books,USD,,2025-01-01T20:00:00.000+0000,,FESBA_L192-2
MFG Cost Books;FESBA_L068-2;USD,0,MFG Cost Books,USD,,2025-01-01T20:00:00.000+0000,,FESBA_L068-2
MFG Cost Books;FESBA_L250-2;USD,249.6,MFG Cost Books,USD,,2025-01-01T20:00:00.000+0000,,FESBA_L250-2
MFG Cost Books;FESBA_L074-2;USD,0,MFG Cost Books,USD,,2025-01-01T20:00:00.000+0000,,FESBA_L074-2
MFG Cost Books;FESBA_L251-2;USD,1060,MFG Cost Books,USD,,2025-01-01T20:00:00.000+0000,,FESBA_L251-2
MFG Cost Books;FESBA_L069-2;USD,0,MFG Cost Books,USD,,2025-01-01T20:00:00.000+0000,,FESBA_L069-2
MFG Cost Books;FESBA_L136-2;USD,0,MFG Cost Books,USD,,2025-01-01T20:00:00.000+0000,,FESBA_L136-2
MFG Cost Books;FESBA_L071-2;USD,0,MFG Cost Books,USD,,2025-01-01T20:00:00.000+0000,,FESBA_L071-2
MFG Cost Books;FESBA_L245-2;USD,0,MFG Cost Books,USD,,2025-01-01T20:00:00.000+0000,,FESBA_L245-2
MFG Cost Books;FESBA_L073-2;USD,0,MFG Cost Books,USD,,2025-01-01T20:00:00.000+0000,,FESBA_L073-2
MFG Cost Books;FESBA_L051-2;USD,0,MFG Cost Books,USD,,2025-01-01T20:00:00.000+0000,,FESBA_L051-2
MFG Cost Books;FESBA_L070-2;USD,0,MFG Cost Books,USD,,2025-01-01T20:00:00.000+0000,,FESBA_L070-2
MFG Cost Books;FESBA_A358-2;USD,951.6,MFG Cost Books,USD,,2025-01-01T20:00:00.000+0000,,FESBA_A358-2
MFG Cost Books;0155-2341-10-FRD;USD,822.5,MFG Cost Books,USD,,2025-01-01T20:00:00.000+0000,,0155-2341-10-FRD
MFG Cost Books;0155-2342-10-FRD;USD,277.2,MFG Cost Books,USD,,2025-01-01T20:00:00.000+0000,,0155-2342-10-FRD
MFG Cost Books;FESBA-FRD;USD,16813,MFG Cost Books,USD,,2025-01-01T20:00:00.000+0000,,FESBA-FRD
MFG Cost Books;AMEL-FRD;USD,9005.62,MFG Cost Books,USD,,2025-01-01T20:00:00.000+0000,,AMEL-FRD
MFG Cost Books;GAMD-FRD;USD,2287.87,MFG Cost Books,USD,,2025-01-01T20:00:00.000+0000,,GAMD-FRD
MFG Cost Books;CUGR-FRD;USD,15509.53,MFG Cost Books,USD,,2025-01-01T20:00:00.000+0000,,CUGR-FRD
MFG Cost Books;BG-BRG-7001;USD,3.6,MFG Cost Books,USD,,2025-01-01T20:00:00.000+0000,,BG-BRG-7001
MFG Cost Books;BG-BRG-7002;USD,9.54,MFG Cost Books,USD,,2025-01-01T20:00:00.000+0000,,BG-BRG-7002
MFG Cost Books;BG-BRG-7003;USD,4.59,MFG Cost Books,USD,,2025-01-01T20:00:00.000+0000,,BG-BRG-7003
MFG Cost Books;BG-CHS-8001;USD,37.18,MFG Cost Books,USD,,2025-01-01T20:00:00.000+0000,,BG-CHS-8001
MFG Cost Books;BG-CHS-8002;USD,46.315,MFG Cost Books,USD,,2025-01-01T20:00:00.000+0000,,BG-CHS-8002
MFG Cost Books;BG-CPL-6001;USD,7.75,MFG Cost Books,USD,,2025-01-01T20:00:00.000+0000,,BG-CPL-6001
MFG Cost Books;BG-CPL-6002;USD,1.3,MFG Cost Books,USD,,2025-01-01T20:00:00.000+0000,,BG-CPL-6002
MFG Cost Books;BG-CPL-6003;USD,24,MFG Cost Books,USD,,2025-01-01T20:00:00.000+0000,,BG-CPL-6003
MFG Cost Books;BG-KIT-CPL95;USD,22.3,MFG Cost Books,USD,,2025-01-01T20:00:00.000+0000,,BG-KIT-CPL95
MFG Cost Books;BG-KIT-MTR1;USD,520,MFG Cost Books,USD,,2025-01-01T20:00:00.000+0000,,BG-KIT-MTR1
MFG Cost Books;BG-MTR-1201;USD,178.5,MFG Cost Books,USD,,2025-01-01T20:00:00.000+0000,,BG-MTR-1201
MFG Cost Books;BG-MTR-1202;USD,219.73,MFG Cost Books,USD,,2025-01-01T20:00:00.000+0000,,BG-MTR-1202
MFG Cost Books;BG-PNH-9001;USD,63.25,MFG Cost Books,USD,,2025-01-01T20:00:00.000+0000,,BG-PNH-9001
MFG Cost Books;BG-PNH-9002;USD,27.95,MFG Cost Books,USD,,2025-01-01T20:00:00.000+0000,,BG-PNH-9002
MFG Cost Books;PCSWG;USD,12000,MFG Cost Books,USD,,2020-01-01T20:00:00.000+0000,,PCSWG
MFG Cost Books;MVGBRK;USD,3450,MFG Cost Books,USD,,2020-01-01T20:00:00.000+0000,,MVGBRK
MFG Cost Books;LVGBRK;USD,3500,MFG Cost Books,USD,,2020-01-01T20:00:00.000+0000,,LVGBRK
MFG Cost Books;LBRK;USD,2700,MFG Cost Books,USD,,2020-01-01T20:00:00.000+0000,,LBRK
MFG Cost Books;FUCEL;USD,1750,MFG Cost Books,USD,,2020-01-01T20:00:00.000+0000,,FUCEL
MFG Cost Books;OPT-111;USD,300,MFG Cost Books,USD,,2020-01-01T20:00:00.000+0000,,OPT-111
MFG Cost Books;OPT-106;USD,790,MFG Cost Books,USD,,2020-01-01T20:00:00.000+0000,,OPT-106
MFG Cost Books;OPT-100;USD,215,MFG Cost Books,USD,,2020-01-01T20:00:00.000+0000,,OPT-100
MFG Cost Books;OPT-112;USD,525,MFG Cost Books,USD,,2020-01-01T20:00:00.000+0000,,OPT-112
MFG Cost Books;OPT-107;USD,945,MFG Cost Books,USD,,2020-01-01T20:00:00.000+0000,,OPT-107
MFG Cost Books;OPT-101;USD,350,MFG Cost Books,USD,,2020-01-01T20:00:00.000+0000,,OPT-101
MFG Cost Books;OPT-113;USD,190,MFG Cost Books,USD,,2020-01-01T20:00:00.000+0000,,OPT-113
MFG Cost Books;OPT-108;USD,1700,MFG Cost Books,USD,,2020-01-01T20:00:00.000+0000,,OPT-108
MFG Cost Books;OPT-102;USD,500,MFG Cost Books,USD,,2020-01-01T20:00:00.000+0000,,OPT-102
MFG Cost Books;OPT-109;USD,140,MFG Cost Books,USD,,2020-01-01T20:00:00.000+0000,,OPT-109
MFG Cost Books;OPT-103;USD,470,MFG Cost Books,USD,,2020-01-01T20:00:00.000+0000,,OPT-103
MFG Cost Books;OPT-110;USD,90,MFG Cost Books,USD,,2020-01-01T20:00:00.000+0000,,OPT-110
MFG Cost Books;OPT-104;USD,180,MFG Cost Books,USD,,2020-01-01T20:00:00.000+0000,,OPT-104
MFG Cost Books;OPT-105;USD,125,MFG Cost Books,USD,,2020-01-01T20:00:00.000+0000,,OPT-105
