BasedOn.Code,CanRamp,ConfigureDuringSale,Description,DisplayUrl,Family,IsActive,IsAssetizable,IsSoldOnlyWithOtherProds,Name,ProductCode,QuantityUnitOfMeasure,SpecificationType,StockKeepingUnit,Type,UnitOfMeasure.UnitCode
,false,Allowed,,/resource/RLM_quantumBit_logo_sq,Software,true,true,false,Provisioning and Activation Service,QB-AEH-CPU,,,QB-AEH-CPU,,
,false,Allowed,,/resource/RLM_quantumBit_logo_sq,Software,true,true,false,AEH Environment Runtime,QB-AEH-ENV,,,QB-AEH-ENV,,
,false,Allowed,,/resource/RLM_quantumBit_logo_sq,Software,true,true,false,AEH Object Store - Restricted Use,QB-AEH-OBJ,,,QB-AEH-OBJ,,
PC-QB-API,true,Allowed,,/resource/add_api,Software,true,true,false,Additional API,QB-API,,,QB-API,,
,false,,,/resource/RLM_quantumBit_logo_sq,None,true,true,false,API Calls,QB-API-CALLS,Each,,QB-API-CALLS,,
,false,,API instances remain under management until they are deleted. Instances of API Manager are aggregated using a Max Concurrent model. The usage for a month is the highest number of APIs Managed in a single given hour during a month.,/resource/api_flex,Software,true,true,false,Additional API Flex (100M),QB-API-FLEX,,,QB-API-FLEX,,
,false,,API instances remain under management until they are deleted. Instances of API Manager are aggregated using a Max Concurrent model. The usage for a month is the highest number of APIs Managed in a single given hour during a month.,/resource/api_govt,Software,true,true,false,Additional API Gov,QB-API-GOVT,,,QB-API-GOVT,,
,false,,Increase productivity by managing all your APIs and microservices from one place.,/resource/RLM_quantumBit_logo_sq,Software,true,true,false,QB API Management Solution,QB-API-MGMT,,,QB-API-MGMT,,
,false,,API instances remain under management until they are deleted. Instances of API Manager are aggregated using a Max Concurrent model. The usage for a month is the highest number of APIs Managed in a single given hour during a month.,/resource/api_preprod,Software,true,true,false,Additional API Pre-Prod,QB-API-PREP,,,QB-API-PREP,,
,false,,API instances remain under management until they are deleted. Instances of API Manager are aggregated using a Max Concurrent model. The usage for a month is the highest number of APIs Managed in a single given hour during a month.,/resource/api_prod,Software,true,true,false,Additional API Prod,QB-API-PROD,,,QB-API-PROD,,
,false,,QuantumBit API Experience Hub enables you to create vibrant ecosystems and grow engagement for your API products,/resource/api_access,Software,true,true,false,API Access Requests (AEH),QB-API-REQT,,,QB-API-REQT,,
,false,,"Your QuantumBit Automation subscription plan includes a quota of Automation QB Credits that you can use with QB RPA, QB Orchestrator, or a combination of both products. As you use processes to create automations, your total credit quota is depleted. 1 QB Automation Credit = 2 RPA Bot Minutes, 1 QB Automation Credit = 100 RPA API Calls, 1 QB Automation Credit = 50 Orchestrator Tasks",/resource/add_auto_credit,Software,true,true,false,Additional Automation QB Credits,QB-AUT-CRED,,,QB-AUT-CRED,,
,false,,"The Business Critical Edition offers specialized functionality for highly regulated industries, especially those with sensitive data. The edition includes all features in the Enterprise Edition plus ...",/resource/RLM_quantumBit_logo_sq,Bundle,true,true,false,QuantumBit Business Critical,QB-BDL-CRTL,,,QB-BDL-CRTL,,
,false,,The Enterprise Edition is for companies with large-scale data initiatives looking for more granular enterprise controls. This edition includes all Starter Edition features plus ...,/resource/RLM_quantumBit_logo_sq,Bundle,true,true,false,QuantumBit Enterprise,QB-BDL-ENTR,,,QB-BDL-ENTR,,
PC-QB-SERVER,false,Allowed,"The PowerSwerve server is designed to bring excellent performance, expandability and deployment flexibility to organizations that must deploy multiple integrated servers in a minimum amount of space at a low cost.",/resource/powerswerve,Bundle,true,true,false,PowerSwerve R750 Rack Server,QB-BDL-R750,Each,,QB-BDL-R750,Bundle,
,false,,"Support and protect your IT equipment with rack enclosures designed for flexible deployments, usability and infrastructure scalability.",/resource/RLM_quantumBit_logo_sq,Bundle,true,true,false,QuantumBit Rack Enclosure,QB-BDL-RAXS,,,QB-BDL-RAXS,,
PC-QB-PSBUNDLE,false,Allowed,"Custom Implementation managed by in-house professional services, charged on a Time and Material basis.",/resource/ps_qb_project,Bundle,true,true,false,QuantumBit Services Project,QB-BDL-SRVC,,,QB-BDL-SRVC,Bundle,
,false,Allowed,The Starter Edition is the introductory offering providing access to core platform functionality. This edition includes all core platform functionality with ...,/resource/starter,Bundle,true,true,false,QuantumBit Starter,QB-BDL-STND,,,QB-BDL-STND,Bundle,
PC-QB-NIC,false,Allowed,Delivers superior performance with a theretical thoughtput of 80 Gb/s bidirectional thoughput.,/resource/intel_x710_sfp,Hardware,true,true,false,Intel X710 Dual Port 10Gb SFP,QB-BET X710SFP,Each,,QB-BET X710SFP,,
,false,,"QuantumShell cooling, power distribution, and cable management products work seamlessly with IT enclosures to provide a complete infrastructure support system. Holds 8 rack units (U's) for a vertical storage rack.",/resource/RLM_quantumBit_logo_sq,Hardware,true,true,false,QuantumShell 8U 600mmx1070mm,QB-BMX-1050,,,QB-BMX-1050,,
,false,,"QuantumShell cooling, power distribution, and cable management products work seamlessly with IT enclosures to provide a complete infrastructure support system. Holds 6 rack units (U's) for a vertical storage rack.",/resource/RLM_quantumBit_logo_sq,Hardware,true,true,false,QuantumShell 6U 600mmx870mm,QB-BMX-1051,,,QB-BMX-1051,,
,false,,"QuantumShell cooling, power distribution, and cable management products work seamlessly with IT enclosures to provide a complete infrastructure support system. Holds 10 rack units (U's) for a vertical storage rack.",/resource/RLM_quantumBit_logo_sq,Hardware,true,true,false,QuantumShell 10U 600mmx1200mm,QB-BMX-1053,,,QB-BMX-1053,,
,false,,The 19-inch Black Modular Toolless Blanking Panel allows for quick and easy installation in any EIA-310-D compliant square hole mounting rail rack or enclosure.,/resource/RLM_quantumBit_logo_sq,Hardware,true,true,false,Blanking Panel,QB-BSSA-4298,,,QB-BSSA-4298,,
,false,,"Occupying 1U of rack space, this sliding shelf provides ventilation, and easy access to severs.",/resource/RLM_quantumBit_logo_sq,Hardware,true,true,false,Sliding Shelf 200lbs,QB-BSSA-4300,,,QB-BSSA-4300,,
,false,,"Occupying 1U of rack space, this shelf provides ventilation, 4-post mounting and an adjustable mounting depth.",/resource/RLM_quantumBit_logo_sq,Hardware,true,true,false,Fixed Shelf 250lbs,QB-BSSA-4302,,,QB-BSSA-4302,,
,false,,"Mounting hardware includes light and heavy-duty shelves, bolt-down brackets, stabilization plates, grounding kits, keyboard drawers, mounting rails, brackets, and associated hardware.",/resource/RLM_quantumBit_logo_sq,Hardware,true,true,false,TX 600mm/750mm Stabilizer Plate,QB-BSSA-4303,,,QB-BSSA-4303,,
,false,,"Mounting hardware includes light and heavy-duty shelves, bolt-down brackets, stabilization plates, grounding kits, keyboard drawers, mounting rails, brackets, and associated hardware.",/resource/RLM_quantumBit_logo_sq,Hardware,true,true,false,TX Bolt-Down Kit,QB-BSSA-4304,,,QB-BSSA-4304,,
,false,,Roof Fan Tray promotes bottom to top airflow for an enclosure in zero U of space. It cools by exhausting heat out of the roof of the rack.,/resource/RLM_quantumBit_logo_sq,Hardware,true,true,false,Roof Fan Tray 750mm - 120V,QB-BSSA-4306,,,QB-BSSA-4306,,
,false,,Roof Fan Tray promotes bottom to top airflow for an enclosure in zero U of space. It cools by exhausting heat out of the roof of the rack.,/resource/RLM_quantumBit_logo_sq,Hardware,true,true,false,Roof Fan Tray 750mm - 208V,QB-BSSA-4308,,,QB-BSSA-4308,,
PCIe PC,false,Allowed,QB-CacheBoost 150 – a PCIe SSD cache accelerator that improves application response times and throughput.,/resource/cacheboost,Hardware,true,true,false,QB-CacheBoost 150,QB-CBOOST-150,,,QB-CBOOST-150,,
,false,,These accessories offer the proper cable management options to meet varying needs.,/resource/RLM_quantumBit_logo_sq,Hardware,true,true,false,Cable Management Rings (Qty 10),QB-CMPC-5881,,,QB-CMPC-5881,,
PC-QB-CABLES,false,Allowed,The Power Cord is designed to provide ideal electrical connectivity to your equipments. It operates at 250-Volt voltage range.,/resource/power_cable,Hardware,true,true,false,Configured Power Cable,QB-CMPC-5882,,,QB-CMPC-5882,,
,false,,These accessories offer the proper cable management options to meet varying needs.,/resource/RLM_quantumBit_logo_sq,Hardware,true,true,false,"Vertical Cable Organizer, 8 Cable Rings",QB-CMPC-5883,,,QB-CMPC-5883,,
,false,,These accessories offer the proper cable management options to meet varying needs.,/resource/RLM_quantumBit_logo_sq,Hardware,true,true,false,Cable Containment Brackets,QB-CMPC-5884,,,QB-CMPC-5884,,
PC-QB-CABLES,false,Allowed,The Power Cord is designed to provide ideal electrical connectivity to your equipments. It operates at 250-Volt voltage range.,/resource/power_cable,Hardware,true,true,false,C13 to C14 Power Cable 3',QB-CMPC-5887,,,QB-CMPC-5887,,
,false,,The Power Cord is designed to provide ideal electrical connectivity to your equipments. It operates at 250-Volt voltage range.,/resource/power_cable,Hardware,true,true,false,C13 to C14 Power Cable 5',QB-CMPC-5888,,,QB-CMPC-5888,,
,false,,The Power Cord is designed to provide ideal electrical connectivity to your equipments. It operates at 250-Volt voltage range.,/resource/power_cable,Hardware,true,true,false,C19 to C20 Power Cable 3',QB-CMPC-5889,,,QB-CMPC-5889,,
,false,,The Power Cord is designed to provide ideal electrical connectivity to your equipments. It operates at 250-Volt voltage range.,/resource/power_cable,Hardware,true,true,false,C19 to C20 Power Cable 5',QB-CMPC-5890,,,QB-CMPC-5890,,
,false,,The 12' Power Cord is designed to provide ideal electrical connectivity to your equipments. It operates at 250-Volt voltage range.,/resource/RLM_quantumBit_logo_sq,Hardware,true,true,false,L5-20 Input Power Cable 12',QB-CMPC-5891,,,QB-CMPC-5891,,
,false,,The 8' Power Cord is designed to provide ideal electrical connectivity to your equipments. It operates at 250-Volt voltage range.,/resource/RLM_quantumBit_logo_sq,Hardware,true,true,false,L5-20 Input Power Cable 8',QB-CMPC-5892,,,QB-CMPC-5892,,
PC-QB-DB,false,,QuantumBit Database (Token Commit -Each) - Specific for EACH Resource,/resource/database,Software,true,true,false,QuantumBit Database (Token Commit - Each),QB-CMT-TKN-EACH,Each,,QB-CMT-TKN-EACH,,
PC-QB-DB,false,,QuantumBit Database (Token Commit -Flat) - Common For All - Flat,/resource/database,Software,true,true,false,QuantumBit Database (Token Commit - Flat),QB-CMT-TKN-FLAT,Each,,QB-CMT-TKN-FLAT,,
PC-QB-DB,false,,"QuantumBit Database (Token Commit - Bounded) - Common For All - Bounded: the commitment discount stops at the committed amount, so overage reverts to the standard anchor rate",/resource/database,Software,true,true,false,QuantumBit Database (Token Commit - Bounded),QB-CMT-TKN-BND,Each,,QB-CMT-TKN-BND,,
PC-QB-DB,false,,QuantumBit Database (Token Commit -Tier) - Common For All - Tier,/resource/database,Software,true,true,false,QuantumBit Database (Token Commit - Tier),QB-CMT-TKN-TIER,Each,,QB-CMT-TKN-TIER,,
PC-QB-COMPLETE,false,Allowed,QuantumBit Complete Solution,/resource/complete_solution,Bundle,true,true,false,QuantumBit Complete Solution,QB-COMPLETE,,,QB-COMPLETE,Bundle,
,false,,This is Usage definition product. Should not come in Catalog.,/resource/RLM_quantumBit_logo_sq,None,true,true,false,Compute Time,QB-CPU-BLNG,Each,,QB-CPU-BLNG,,m
,false,Allowed,CPU Heat Sink for Cooling,/resource/cpuheatsink,Hardware,true,true,false,QB CPU Heat Sink,QB-CPU-HEATSINK,,,QB-CPU-HEATSINK,,
,false,Allowed,,/resource/collab_suite,Software,true,false,false,QuantumBit Collaboration Suite,QB-CS,,,QB-CS,,
,false,,"With QuantumBit DataGraph, you can reuse multiple APIs in a single request. Enterprise architects can easily unify APIs into one data service — all without writing more code. Developers can consume multiple APIs from the data service in a single GraphQL request.",/resource/add_data_graph,Software,true,true,false,Additional QB DataGraph (500M),QB-DAT-GRPH,,,QB-DAT-GRPH,,
,false,,"Data throughput counts when the deployed application transfers data to execute its business logic, including but not limited to internal operational network traffic for monitoring, logs, and health checks. Data throughput is aggregated as a sum of all bytes during a month.",/resource/RLM_quantumBit_logo_sq,Software,true,true,false,Additional Data Throughput,QB-DAT-THPT,Each,,QB-DAT-THPT,,
,false,,This is Usage definition product. Should not come in Catalog.,/resource/RLM_quantumBit_logo_sq,None,true,true,false,Data Storage,QB-DATA-STORAGE-BLNG,Each,,QB-DATA-STORAGE-BLNG,,GB
,false,,This is Usage definition product. Should not come in Catalog.,/resource/RLM_quantumBit_logo_sq,None,true,true,false,Data Throughput,QB-DATA-THPT-BLNG,Each,,QB-DATA-THPT-BLNG,,GB
PC-QB-DB,false,,QuantumBit Database is a usage based database option.  This product SKU includes all of the various consumption options and their corresponding rate charge plans.,/resource/database,Software,true,true,false,QuantumBit Database,QB-DB,Each,,QB-DB,,
PC-QB-DB,true,,QuantumBit Database is a usage based database option. This product SKU includes all of the various consumption options and their corresponding rate charge plans.,/resource/database,Software,true,true,false,QuantumBit Database (Token Based),QB-DB-TOKEN,,,QB-DB-TOKEN,,
,false,Allowed,,/resource/RLM_quantumBit_logo_sq,Software,true,true,false,Additional Flows - Provisioning & Activation Service,QB-DRO-AACR,,,QB-DRO-AACR,,
,false,Allowed,,/resource/RLM_quantumBit_logo_sq,Software,true,true,false,Additional API - Provision & Activation Service,QB-DRO-AAPI,,,QB-DRO-AAPI,,
,false,Allowed,,/resource/RLM_quantumBit_logo_sq,Software,true,true,false,Additional Automation QB Credits - Provisioning & Activation Service,QB-DRO-AAQBC,,,QB-DRO-AAQBC,,
,false,Allowed,,/resource/RLM_quantumBit_logo_sq,Software,true,true,false,AEH API - Provisioning & Activation Service,QB-DRO-AEH,,,QB-DRO-AEH,,
,false,Allowed,,/resource/RLM_quantumBit_logo_sq,Software,true,true,false,Additional Flows - QB Starter - Provisioning & Activation Service,QB-DRO-AFBQ,,,QB-DRO-AFBQ,,
,false,Allowed,,/resource/RLM_quantumBit_logo_sq,Software,true,true,false,Additional Messages QB Starter - Provisioning & Activation Service,QB-DRO-AM,,,QB-DRO-AM,,
,false,Allowed,,/resource/RLM_quantumBit_logo_sq,Software,true,true,false,API Platform - Provisioning & Activation Service,QB-DRO-APIPLAT,,,QB-DRO-APIPLAT,,
,false,Allowed,,/resource/RLM_quantumBit_logo_sq,Software,true,true,false,Finance Service,QB-DRO-BILL,,,QB-DRO-BILL,,
,false,Allowed,,,,true,true,false,Billing,QB-DRO-BILLING,,,QB-DRO-BILLING,,
,false,Allowed,,,,true,true,false,License Activation,QB-DRO-LICACT,,,QB-DRO-LICACT,,
,false,Allowed,,/resource/RLM_quantumBit_logo_sq,Software,true,true,false,Order Processing,QB-DRO-OR,,,QB-DRO-OR,,
,false,Allowed,,/resource/RLM_quantumBit_logo_sq,Software,true,true,false,API Management License - Provisioning & Activation Service,QB-DRO-PERMS,,,QB-DRO-PERMS,,
,false,Allowed,,/resource/RLM_quantumBit_logo_sq,Software,true,true,false,Project Service,QB-DRO-PROJ,,,QB-DRO-PROJ,,
,false,,,,,true,true,false,Provision DB,QB-DRO-PROVISION,,,QB-DRO-PROVISION,,
,false,Allowed,,/resource/RLM_quantumBit_logo_sq,Software,true,true,false,QuantumBit Database - Provisioning & Activation Service,QB-DRO-QBD,,,QB-DRO-QBD,,
,false,,"QuantumBit apps process messages and other parts of QB events through components, connectors, and modules that are set up within the scope of Flow and Subflow components within an app.",/resource/RLM_quantumBit_logo_sq,Software,true,true,false,Additional Flows - QB Enterprise,QB-FLO-ENTR,,,QB-FLO-ENTR,,
,false,,"QuantumBit apps process messages and other parts of QB events through components, connectors, and modules that are set up within the scope of Flow and Subflow components within an app.",/resource/RLM_quantumBit_logo_sq,Software,true,true,false,Additional Flows - QB Starter,QB-FLO-STRT,,,QB-FLO-STRT,,
,true,,QuantumBit Generative AI License,/resource/genAI,,true,true,false,QuantumBit Generative AI License,QB-GEN-AI-LIC,Each,,QB-GEN-AI-LIC,,
PC-QB-STORAGE,false,Allowed,1TB 10k RPM 12Gps 2.5 in - Industry-leading rotational vibration tolerance design helps ensure consistent performance in dense multi-drive systems,/resource/hd_8tb_72k,Hardware,true,true,false,1TB 10k RPM (2.5in),QB-HD 1.2TB,Each,,QB-HD 1.2TB,,
PC-QB-STORAGE,false,Allowed,1TB 7.2k RPM NLSAS 12Gps 3.5 in - Industry-leading rotational vibration tolerance design helps ensure consistent performance in dense multi-drive systems,/resource/hd_1tb_72k,Hardware,true,true,false,1TB 7.2k RPM NLSAS (3.5in),QB-HD 1TB,Each,,QB-HD 1TB,,
PC-QB-STORAGE,false,Allowed,20TB 7.2k RPM NLSAS 12Gps 3.5 in - Industry-leading rotational vibration tolerance design helps ensure consistent performance in dense multi-drive systems,/resource/hd_8tb_72k,Hardware,true,true,false,20TB 7.2k RPM NLSAS (3.5in),QB-HD 20TB,Each,,QB-HD 20TB,,
PC-QB-STORAGE,false,Allowed,3TB 10k RPM 12Gps 2.5 in - Industry-leading rotational vibration tolerance design helps ensure consistent performance in dense multi-drive systems,/resource/hd_8tb_72k,Hardware,true,true,false,3TB 10k RPM (2.5in),QB-HD 3TB,Each,,QB-HD 3TB,,
PC-QB-STORAGE,false,Allowed,4TB 7.2k RPM NLSAS 12Gps 3.5 in - Industry-leading rotational vibration tolerance design helps ensure consistent performance in dense multi-drive systems,/resource/hd_4tb_72k,Hardware,true,true,false,4TB 7.2k RPM NLSAS (3.5in),QB-HD 4TB,Each,,QB-HD 4TB,,
PC-QB-STORAGE,false,Allowed,8TB 7.2k RPM NLSAS 12Gps 3.5 in - Industry-leading rotational vibration tolerance design helps ensure consistent performance in dense multi-drive systems,/resource/hd_8tb_72k,Hardware,true,true,false,8TB 7.2k RPM NLSAS (3.5in),QB-HD 8TB,Each,,QB-HD 8TB,,
PC-QB-STORAGE,false,Allowed,"8TB 7.2k RPM Self-Encrypting NLSAS 12Gps 3.5 in - Performing like any other hard drive, with the encryption being completely transparent or invisible to the user.",/resource/hd_8tb_72k_se,Hardware,true,true,false,8TB 7.2k RPM Self-Encrypting NLSAS (3.5in),QB-HD 8TBSE,Each,,QB-HD 8TBSE,,
,false,,Installation and Assembly of a QuantumBit Rack by a Certified technician.,/resource/RLM_quantumBit_logo_sq,Services,true,true,false,Installation and Assembly,QB-INST-1000,,,QB-INST-1000,,
PC-QB-CPU,false,Allowed,"Intel Xeon E5-2609 v4 1.7GHz,20M Cache,6.4GT/s QPI,Turbo,HT 8C/8T (85W) - Designed for software defined infrastructure supercharged for efficiency, performance, and agile services delivery across cloud-native and traditional applications.",/resource/intel_e52609,Hardware,true,true,false,Intel Xeon E5-2609 v4 1.7GHz,QB-INTEL E5-2609,,,QB-INTEL E5-2609,,
PC-QB-CPU,false,Allowed,"Intel Xeon E5-2660 v4 2.0GHz,35M Cache,9.60GT/s QPI,Turbo,HT,14C/28T (105W) - Designed for software defined infrastructure supercharged for efficiency, performance, and agile services delivery across cloud-native and traditional applications.",/resource/intel_e52660,Hardware,true,true,false,Intel Xeon E5-2660 v4 2.0GHz,QB-INTEL E5-2660,Each,,QB-INTEL E5-2660,,
PC-QB-CPU,false,Allowed,"Intel Xeon E5-2667 v4 3.2GHz,25M Cache,9.60GT/s 8C/16T (135W) - Designed for software defined infrastructure supercharged for efficiency, performance, and agile services delivery across cloud-native and traditional applications.",/resource/intel_e52667,Hardware,true,true,false,Intel Xeon E5-2667 v4 3.2GHz,QB-INTEL E5-2667,,,QB-INTEL E5-2667,,
PC-QB-CPU,false,Allowed,"Intel Xeon E5-2683 v4 2.1GHz,40M Cache,9.60GT/s QPI,Turbo,HT,16C/32T (120W) - Designed for software defined infrastructure supercharged for efficiency, performance, and agile services delivery across cloud-native and traditional applications.",/resource/intel_e52683,Hardware,true,true,false,Intel Xeon E5-2683 v4 2.1GHz,QB-INTEL E5-2683,Each,,QB-INTEL E5-2683,,
,false,,"Intel Xeon Gold 5318N 2.1G, 24C/48T, 11.2GT/s, 36M Cache, Turbo, HT (150W) DDR4-2666 

The Intel Xeon Gold processor is a versatile server CPU that balances performance, scalability, and efficiency for data center, cloud, and enterprise applications.",/resource/intel_e52609,,true,true,false,"Intel Xeon Gold 5318N 2.1GHz, 24C/48T",QB-INTEL-GOLD-5318N,Each,,QB-INTEL-GOLD-5318N,,EACH
,false,,"Intel Xeon Gold 6330N 2.2G, 28C/56T, 11.2GT/s, 42M Cache, Turbo, HT (165W) DDR4-2666 

The Intel Xeon Gold processor is a versatile server CPU that balances performance, scalability, and efficiency for data center, cloud, and enterprise applications.",/resource/intel_e52609,,true,true,false,"Intel Xeon Gold 6330N 2.2GHz, 28C/56T",QB-INTEL-GOLD-6330N,Each,,QB-INTEL-GOLD-6330N,,EACH
,false,,"Intel Xeon Gold 6354 3G, 18C/36T, 11.2GT/s, 39M Cache, Turbo, HT (205W) DDR4-3200 

The Intel Xeon Gold processor is a versatile server CPU that balances performance, scalability, and efficiency for data center, cloud, and enterprise applications.",/resource/intel_e52609,,true,true,false,"Intel Xeon Gold 6354 3GHz, 18C/36T",QB-INTEL-GOLD-6354,Each,,QB-INTEL-GOLD-6354,,EACH
,false,,"Intel® Xeon® Platinum 8352M 2.3G, 32C/64T, 11.2GT/s, 48M Cache, Turbo, HT (185W) DDR4-3200

The Intel® Xeon® Platinum processor is a high-performance, multi-core server CPU designed to deliver scalable power, advanced reliability, and fast data processing for demanding enterprise and data center workloads.",/resource/intel_e52609,,true,true,false,"Intel Xeon Platinum 8352M 2.3GHz, 32C/64T",QB-INTEL-PLAT-8352M,Each,,QB-INTEL-PLAT-8352M,,EACH
,false,,"Intel® Xeon® Platinum 8352Y 2.2G, 32C/64T, 11.2GT/s, 48M Cache, Turbo, HT (205W) DDR4-3200 

The Intel® Xeon® Platinum processor is a high-performance, multi-core server CPU designed to deliver scalable power, advanced reliability, and fast data processing for demanding enterprise and data center workloads.",/resource/intel_e52609,,true,true,false,"Intel Xeon Platinum 8352Y 2.2GHz, 32C/64T",QB-INTEL-PLAT-8352Y,Each,,QB-INTEL-PLAT-8352Y,,EACH
,false,,"Intel® Xeon® Platinum 8360Y 2.4G, 36C/72T, 11.2GT/s, 54M Cache, Turbo, HT (250W) DDR4-3200 

The Intel® Xeon® Platinum processor is a high-performance, multi-core server CPU designed to deliver scalable power, advanced reliability, and fast data processing for demanding enterprise and data center workloads.",/resource/intel_e52609,,true,true,false,"Intel Xeon Platinum 8360Y 2.4GHz, 36C/72T",QB-INTEL-PLAT-8360Y,Each,,QB-INTEL-PLAT-8360Y,,EACH
,false,,"Intel® Xeon® Platinum 8368 2.4G, 38C/76T, 11.2GT/s, 57M Cache, Turbo, HT (270W) DDR4-3200 

The Intel® Xeon® Platinum processor is a high-performance, multi-core server CPU designed to deliver scalable power, advanced reliability, and fast data processing for demanding enterprise and data center workloads.",/resource/intel_e52609,,true,true,false,"Intel Xeon Platinum 8368 2.4GHz, 38C/76T",QB-INTEL-PLAT-8368,Each,,QB-INTEL-PLAT-8368,,EACH
,false,Allowed,,/resource/RLM_quantumBit_logo_sq,,true,false,false,Cloud License (Monthly),QB-LIC-CLOUD,,,QB-LIC-CLOUD,,
,false,Allowed,Liquid Cooler for Advanced CPU Cooling,/resource/liquidcooler,Hardware,true,true,false,QB Liquid Cooler,QB-LIQUIDCOOL,,,QB-LIQUIDCOOL,,
,false,Allowed,128GB RDIMM,/resource/ram_32GB_RDIMM,Hardware,true,true,false,128GB LRDIMM,QB-MEM 128GB,Each,,QB-MEM 128GB,,
,false,Allowed,16GB RDIMM,/resource/ram_16GB_RDIMM2,Hardware,true,true,false,16GB RDIMM,QB-MEM 16GB,Each,,QB-MEM 16GB,,
,false,Allowed,32GB RDIMM,/resource/ram_32GB_RDIMM,Hardware,true,true,false,32GB RDIMM,QB-MEM 32GB,Each,,QB-MEM 32GB,,
,false,Allowed,64GB RDIMM,/resource/ram_32GB_RDIMM,Hardware,true,true,false,64GB RDIMM,QB-MEM 64GB,Each,,QB-MEM 64GB,,
,false,Allowed,8GB RDIMM,/resource/ram_8GB_RDIMM,Hardware,true,true,false,8GB RDIMM,QB-MEM 8GB,Each,,QB-MEM 8GB,,
,false,,"QB Sync is a multi-tenant, cloud-based message queuing service for exchanging data asynchronously between your applications. The QB sync messaging broker enables applications to communicate by publishing a QB message to a queue so that another app can consume the message.",/resource/RLM_quantumBit_logo_sq,Software,true,true,false,Additional Messages - QB Enterprise,QB-MSG-ENTR,,,QB-MSG-ENTR,,
,false,,"QB Sync is a multi-tenant, cloud-based message queuing service for exchanging data asynchronously between your applications. The QB sync messaging broker enables applications to communicate by publishing a QB message to a queue so that another app can consume the message.",/resource/RLM_quantumBit_logo_sq,Software,true,true,false,Additional Messages - QB Starter,QB-MSG-STRT,,,QB-MSG-STRT,,
PC-QB-DB,false,,QuantumBit Database (Monetary Commit),/resource/database,Software,true,true,false,QuantumBit Database (Monetary Commit),QB-MTY-CMT,Each,,QB-MTY-CMT,,
PC-QB-NIC,false,Allowed,Delivers superior performance with a theretical thoughtput of 80 Gb/s bidirectional thoughput.,/resource/intel_x710_dp,Hardware,true,true,false,Intel X710 Dual Port 10Gb Direct Attach,QB-NET X710,Each,,QB-NET X710,,
PCIe PC,false,Allowed,QB-NetLink 100G Ultra – ultra-performance 100GbE adapter built for high-performance computing and AI clusters.,/resource/intel_x710_dp,Hardware,true,true,false,QB-NetLink 100G Ultra,QB-NET-100G-ULTRA,Each,,QB-NET-100G-ULTRA,,
PCIe PC,false,Allowed,QB-NetLink 10G – a reliable dual-port 10GbE adapter for standard enterprise networking.,/resource/intel_x710_dp,Hardware,true,true,false,QB-NetLink 10G,QB-NET-10G,Each,,QB-NET-10G,,
PCIe PC,false,Allowed,QB-NetLink 25G – high-speed 25GbE connectivity designed for data-heavy virtualization and storage networks.,/resource/intel_x710_dp,Hardware,true,true,false,QB-NetLink 25G,QB-NET-25G,Each,,QB-NET-25G,,
PCIe PC,false,Allowed,QB-NetSecure – a 10GbE adapter with built-in encryption and firewall acceleration for secure workloads.,/resource/intel_x710_dp,Hardware,true,true,false,QB-NetSecure 10G,QB-NETSECURE-10G,Each,,QB-NETSECURE-10G,,
,false,,No Operating System,/resource/RLM_quantumBit_logo_sq,None,true,true,false,No Operating System,QB-NO-OSYS,,,QB-NO-OSYS,,
PCIe PC,false,Allowed,QB-NVExpand 200 – a PCIe expansion card that adds capacity for additional NVMe drives to maximize storage scalability.,/resource/nvexpand,Hardware,true,true,false,QB-NVExpand 200,QB-NVExpand-200,,,QB-NVExpand-200,,
PCIe PC,false,Allowed,"QB-Accel NovaX150 – a visualization and compute GPU, optimized for VDI, rendering, and mixed workloads.",/resource/intel_e52609,Hardware,true,true,false,QB-Accel NovaX150,QB-NovaX150,,,QB-NovaX150,,
,false,,"Rack PDU 20A, 120V L5-20 input 5-20 output - Basic Rack Power Distribution Unit allows users to distribute power outlets to rack-mount equipment.",/resource/RLM_quantumBit_logo_sq,Hardware,true,true,false,"Rack PDU 20A, 120V L5-20",QB-PDU-2022,,,QB-PDU-2022,,
,false,,"Rack PDU 30A, 120V L5-20 input 5-20 output - Basic Rack Power Distribution Unit allows users to distribute power outlets to rack-mount equipment.",/resource/RLM_quantumBit_logo_sq,Hardware,true,true,false,"Rack PDU 30A, 120V L5-20",QB-PDU-2023,,,QB-PDU-2023,,
,false,,"Rack PDU 15A, 120V L5-20 input 5-20 output - Basic Rack Power Distribution Unit allows users to distribute power outlets to rack-mount equipment.",/resource/RLM_quantumBit_logo_sq,Hardware,true,true,false,"Rack PDU 15A, 120V L5-20",QB-PDU-2024,,,QB-PDU-2024,,
,false,,"Rack PDU 20A, 230V C20 input C19 output - Basic Rack Power Distribution Unit allows users to distribute power outlets to rack-mount equipment.",/resource/RLM_quantumBit_logo_sq,Hardware,true,true,false,"Rack PDU 20A, 230V C20 input C1",QB-PDU-2025,,,QB-PDU-2025,,
,false,,Rack PDU 10A 230V C20 input C19 output - Basic Rack Power Distribution Unit allows users to distribute power outlets to rack-mount equipment.,/resource/RLM_quantumBit_logo_sq,Hardware,true,true,false,"Rack PDU 10A, 230V C20 input C19",QB-PDU-2026,,,QB-PDU-2026,,
,false,,Rack PDU 16A 230V C20 input C13 output - Basic Rack Power Distribution Unit allows users to distribute power outlets to rack-mount equipment.,/resource/RLM_quantumBit_logo_sq,Hardware,true,true,false,"Rack PDU 16A, 230V, C13 output",QB-PDU-2027,,,QB-PDU-2027,,
,false,,"Rack PDU 14.4kW, 208V, 3 phase CS8365 input C13 output - Basic Rack Power Distribution Unit allows users to distribute power outlets to rack-mount equipment.",/resource/RLM_quantumBit_logo_sq,Hardware,true,true,false,"Rack PDU 14.4kW, 208V, C13 output",QB-PDU-2028,,,QB-PDU-2028,,
,false,,"Rack PDU 5.7W, 208V, 3 phase CS8365 input C13 output - Basic Rack Power Distribution Unit allows users to distribute power outlets to rack-mount equipment.",/resource/RLM_quantumBit_logo_sq,Hardware,true,true,false,"Rack PDU 5.7W, 208V, C13 output",QB-PDU-2029,,,QB-PDU-2029,,
,false,Allowed,QB-PowerCore 1600S – a 1600W high-capacity single power supply built for performance-intensive configurations.,/resource/powersupply,Hardware,true,true,false,QB-PowerCore 1600S,QB-PWRCORE-1600S,,,QB-PWRCORE-1600S,,
,false,Allowed,QB-PowerCore 500S – a 500W single power supply designed for entry-level workloads and cost efficiency.,/resource/powersupply,Hardware,true,true,false,QB-PowerCore 500S,QB-PWRCORE-500S,,,QB-PWRCORE-500S,,
,false,Allowed,QB-PowerCore 800S – an 800W single power supply delivering balanced power for mid-tier servers.,/resource/powersupply,Hardware,true,true,false,QB-PowerCore 800S,QB-PWRCORE-800S,,,QB-PWRCORE-800S,,
,false,Allowed,QB-PowerSafe 1000D – dual 1000W redundant power supplies offering balanced resilience and scalability.,/resource/powersupply,Hardware,true,true,false,QB-PowerSafe 1000D,QB-PWRSAFE-1000D,,,QB-PWRSAFE-1000D,,
,false,Allowed,"QB-PowerSafe 2000D – dual 2000W redundant power supplies engineered for mission-critical, high-density workloads.",/resource/powersupply,Hardware,true,true,false,QB-PowerSafe 2000D,QB-PWRSAFE-2000D,,,QB-PWRSAFE-2000D,,
,false,Allowed,QB-PowerSafe 600D – dual 600W redundant power supplies ensuring uptime for essential business applications.,/resource/powersupply,Hardware,true,true,false,QB-PowerSafe 600D,QB-PWRSAFE-600D,,,QB-PWRSAFE-600D,,
Q-Rack PC,false,Allowed,"The Q-Rack 750 server is designed to bring excellent performance, expandability and deployment flexibility to organizations that must deploy multiple integrated servers in a minimum amount of space at a low cost.",/resource/powerswerve,Bundle,true,true,false,QuantumBit Q-Rack 750,QB-QRack-750,Each,,QB-QRack-750,Bundle,
PC-QB-DB,false,,QuantumBit Database (Quantity Commit),/resource/database,Software,true,true,false,QuantumBit Database (Quantity Commit),QB-QTY-CMT,Each,,QB-QTY-CMT,,
PCIe PC,false,Allowed,QB-RAIDForce 500 – a high-performance hardware RAID controller that delivers speed and redundancy for critical workloads.,/resource/RAIDController,Hardware,true,true,false,QB-RAIDForce 500,QB-RAID-500,,,QB-RAID-500,,
,false,,"Red Hat Enterprise Linux delivers military-grade security, 99.999% uptime, support for business-critical workloads.",/resource/RLM_quantumBit_logo_sq,3rd Party Software,true,true,false,Red Hat Enterprise Linux,QB-REDHAT,,,QB-REDHAT,,
,false,,One-time fee to access premium customer success services as you navigate your data transformation.,/resource/ps_adv_serv,Services,true,true,false,"QuantumBit Advisory Services, CSM Premium",QB-SRV-AS,,,QB-SRV-AS,,
PC-QB-PS-RESOURCES,false,Allowed,"Data Normalization Experts engage early in the project and assist customers in normalizing, cleaning, and de-duping data, and can perform upload and update functions.",/resource/ps_dn_expert,Services,true,true,false,Data Normalization Expert,QB-SRV-DNE,,,QB-SRV-DNE,,
PC-QB-PS-RESOURCES,false,Allowed,Our certified Implementation Engineers bring a wealth of application expertise and integration experience to ensure the clients other systems are connected.,/resource/ps_imp_engineer,Services,true,true,false,Implementation Engineer,QB-SRV-IMP,,,QB-SRV-IMP,,
PC-QB-PS-RESOURCES,false,Allowed,Our certified Integration Specialist Engineers bring a wealth of application expertise and integration experience to ensure the clients other systems are connected.,/resource/ps_int_specialist,Services,true,true,false,Integration Specialist Engineer,QB-SRV-ISE,,,QB-SRV-ISE,,
PC-QB-PS-RESOURCES,false,Allowed,"Our certified Module Extension Engineers specialize in configuring and customizing the additional modules to a clients specifications, and work closely with the Core System Engineers.",/resource/ps_mod_ext_eng,Services,true,true,false,Module Extension Engineer,QB-SRV-MEE,,,QB-SRV-MEE,,
,false,,Professional Services - Associate Consultant Daily Rate,/resource/RLM_quantumBit_logo_sq,Services,true,true,false,Professional Services - Associate Consultant Daily Rate,QB-SRV-OG-AC-PSH,,,QB-SRV-OG-AC-PSH,,
,false,,Professional project management services option to be priced on a per-day basis.,/resource/RLM_quantumBit_logo_sq,Services,true,true,false,Professional Services - Project Management Daily Rate,QB-SRV-OG-PM-PSH,,,QB-SRV-OG-PM-PSH,,
PC-QB-SERVICES,false,,Professional services option to be priced on a per-day basis.,/resource/ps_daily_rate,Services,true,true,false,Professional Services Daily Rate,QB-SRV-OG-PSH,,,QB-SRV-OG-PSH,,
,false,,Professional services billed at the end of each month based on consumed hours.,/resource/RLM_quantumBit_logo_sq,Services,true,true,false,Professional Service Hours (Consumption),QB-SRV-OG-PSHC,,,QB-SRV-OG-PSHC,,
,false,,"The Program Director provides executive leadership, subject matter expertise, and program oversight.",/resource/ps_prog_dir,Services,true,true,false,Program Director,QB-SRV-PD,,,QB-SRV-PD,,
,false,,"The Project Manager ensures a projects timely and efficient delivery by coordinating meetings, tracking progress, escalating issues, and proctoring weekly status reports.",/resource/ps_proj_mgr,Services,true,true,false,Project Manager,QB-SRV-PMN,,,QB-SRV-PMN,,
,false,,"For mission critical deployments, you need QuantumBit up and running as fast as possible. Select the premium success plan for everything included in the standard plan AND direct access to our advanced support team 24/7.",/resource/RLM_quantumBit_logo_sq,Services,true,true,false,Premium Success Plan,QB-SRV-PRM-SP,,,QB-SRV-PRM-SP,,
PC-QB-PS-RESOURCES,false,Allowed,Quality Assurance Engineers test and support the activities prior to a successful Go-Live launch.,/resource/ps_qa_engineer,Services,true,true,false,Quality Assurance Engineer,QB-SRV-QAE,,,QB-SRV-QAE,,
,false,,Basic Consulting package for implementation managed by 3rd party SI/Partner on Fixed Fee basis.,/resource/RLM_quantumBit_logo_sq,Services,true,true,false,Quick Start Enablement,QB-SRV-QSE,,,QB-SRV-QSE,,
,false,,Our Solution Architects are responsible for analyzing customer requirements and designing the optimal solution capabilities.,/resource/ps_sol_arch,Services,true,true,false,Solutions Architect,QB-SRV-SAT,,,QB-SRV-SAT,,
PC-QB-SERVICES,false,,Implementation managed by in-house professional services with an agreed upon scope of work.,/resource/ps_scope,Services,true,true,false,Professional Services Scope of Work,QB-SRV-SOW,,,QB-SRV-SOW,,
PC-QB-STORAGE,false,Allowed,Q-Drive NVX 16TB – Large capacity for data-intensive applications,/resource/hd_8tb_72k,Hardware,true,true,false,Q-Drive NVX 16TB,QB-SSD 16TB,Each,,QB-SSD 16TB,,
PC-QB-STORAGE,false,Allowed,Q-Drive NVX 2TB – Entry-level enterprise SSD for OS & light workloads,/resource/hd_8tb_72k,Hardware,true,true,false,Q-Drive NVX 2TB,QB-SSD 2TB,Each,,QB-SSD 2TB,,
PC-QB-STORAGE,false,Allowed,"Q-Drive NVX Ultra 30TB – Flagship, ultra-dense SSD for maximum storage",/resource/hd_8tb_72k,Hardware,true,true,false,Q-Drive NVX Ultra 30TB,QB-SSD 30TB,Each,,QB-SSD 30TB,,
PC-QB-STORAGE,false,Allowed,Q-Drive NVX 4TB – Balanced capacity & performance tier,/resource/hd_8tb_72k,Hardware,true,true,false,Q-Drive NVX 4TB,QB-SSD 4TB,Each,,QB-SSD 4TB,,
PC-QB-STORAGE,false,Allowed,Q-Drive NVX 8TB – High-capacity drive for mixed workloads,/resource/hd_8tb_72k,Hardware,true,true,false,Q-Drive NVX 8TB,QB-SSD 8TB,Each,,QB-SSD 8TB,,
,false,,"For mission critical deployments, you need QuantumBit up and running as fast as possible. Select the standard success plan for access to documentation, online case management and phone support.",/resource/RLM_quantumBit_logo_sq,Services,true,true,false,Standard Success Plan,QB-STD-SP,,,QB-STD-SP,,
,false,,"System maintenance, administration, and configuration performed by a certified technician. 15% of hardware.",/resource/silv_maint,Services,true,true,false,Silver Hardware Maintenance,QB-SUPP-1000,,,QB-SUPP-1000,,
,false,,"System maintenance, administration, and configuration performed by a certified technician. Also includes 24x7 phone service and monthly on-site check-ups. 20% of hardware.",/resource/gold_maint,Services,true,true,false,Gold Hardware Maintenance,QB-SUPP-1005,,,QB-SUPP-1005,,
,true,,"Upgrade, Bug Fixes, and Patched for Perpetual Licenses. Early Access to BETA Releases. Upgrade and Patch Assistance. 20% of Licensing",/resource/soft_maint2,Services,true,true,false,Software Maintenance,QB-SUPP-2000,,,QB-SUPP-2000,,
,false,,,,,true,true,false,Quantum Tokens Definition,QB-TOKEN-DEF,,,QB-TOKEN-DEF,,
,false,,,,,true,true,false,QuantumBit Tokens Pack,QB-TOKENS-PACK,,,QB-TOKENS-PACK,,
PC-QB-SERVICES,false,,"With our Essentials Training, you'll get access to live webinars, self-paced learning modules, and powerful analysis tools.",/resource/essential_train,Services,true,true,false,QuantumBit Essentials Training,QB-TRN-ESSNTLS,,,QB-TRN-ESSNTLS,,
PC-QB-SERVICES,false,,"With our Fundamentals Training you will read, watch videos, and participate in activities aimed to give hands-on experience with the basics of the tool.",/resource/fund_training,Services,true,true,false,QuantumBit Fundamentals Training,QB-TRN-FUND,,,QB-TRN-FUND,,
,false,,"vSphere Desktop can be used to power virtual desktops, as well as the underlying infrastructure for the VDI environment.",/resource/RLM_quantumBit_logo_sq,3rd Party Software,true,true,false,vSphere Desktop,QB-VMW-D,,,QB-VMW-D,,
,false,,"vSphere Enterprise includes the full range of vSphere features for transforming datacenters into dramatically simplified cloud computing environments providing the next generation of flexible, reliable IT services.",/resource/RLM_quantumBit_logo_sq,3rd Party Software,true,true,false,vSphere Enterprise,QB-VMW-E,,,QB-VMW-E,,
,false,,vSphere Standard provides an entry solution for basic consolidation of applications to slash hardware costs while accelerating application deployment.,/resource/RLM_quantumBit_logo_sq,3rd Party Software,true,true,false,vSphere Standard,QB-VMW-S,,,QB-VMW-S,,
PCIe PC,false,Allowed,"QB-Accel VegaX200 - high-performance GPU designed for AI/ML workloads, deep learning, and high-throughput training.",/resource/intel_e52609,Hardware,true,true,false,QB-Accel VegaX200,QB-VegaX200,,,QB-VegaX200,,
,false,,Default shipping product to calculate standard shipping charges.,/resource/RLM_quantumBit_logo_sq,,true,true,false,Shipping Charge Product,,,,9999999,,
,false,Allowed,,,,true,false,false,Switch ASIC,PROD-1000281857,,,PROD-1000281857,Bundle,
,false,Allowed,,,,true,false,false,PDU Outlet Whip,PROD-1002254785,,,PROD-1002254785,,
,false,Allowed,,,,true,false,false,Network Fabric,PROD-1008704562,,,PROD-1008704562,Bundle,
,false,Allowed,,,,true,false,false,NVMe U.2 SSD 3.84TB,PROD-1038139044,,,PROD-1038139044,,
,false,Allowed,,,,true,false,false,Breaker Set,PROD-1046989797,,,PROD-1046989797,Bundle,
,false,Allowed,,,,true,false,false,Charger Module,PROD-1054187061,,,PROD-1054187061,Bundle,
,false,Allowed,,,,true,false,false,Bypass Switch,PROD-1065068854,,,PROD-1065068854,,
,false,Allowed,,,,true,false,false,Front Door,PROD-1066573967,,,PROD-1066573967,Bundle,
,false,Allowed,,,,true,false,false,Dual PSU & Fan Modules,PROD-1078575407,,,PROD-1078575407,Bundle,
,false,Allowed,,,,true,false,false,1U LCD Tray,PROD-111239623,,,PROD-111239623,,
,false,Allowed,,,,true,false,false,Perforated Doors,PROD-1128940216,,,PROD-1128940216,Bundle,
,false,Allowed,,,,true,false,false,Metering Board,PROD-1153963439,,,PROD-1153963439,Bundle,
,false,Allowed,,,,true,false,false,Online UPS Module,PROD-1160394163,,,PROD-1160394163,Bundle,
,false,Allowed,,,,true,false,false,Outlet Strips,PROD-1167731127,,,PROD-1167731127,Bundle,
,false,Allowed,,,,true,false,false,Cable Tie Pack,PROD-1176699896,,,PROD-1176699896,,
,false,Allowed,,,,true,false,false,External Battery Pack,PROD-1202444971,,,PROD-1202444971,Bundle,
,false,Allowed,,,,true,false,false,Generic Component A,PROD-1223537488,,,PROD-1223537488,Bundle,
,false,Allowed,,,,true,false,false,Generic Component A,PROD-1232611253,,,PROD-1232611253,Bundle,
,false,Allowed,,,,true,false,false,Redundant PDUs (A/B),PROD-1234105735,,,PROD-1234105735,Bundle,
,false,Allowed,,,,true,false,false,PSU Set (2x),PROD-1247640563,,,PROD-1247640563,,
,false,Allowed,,,,true,false,false,USB Console Cable,PROD-1249967782,,,PROD-1249967782,,
,false,Allowed,,,,true,false,false,Generic Component A,PROD-1289692484,,,PROD-1289692484,Bundle,
,false,Allowed,,,,true,false,false,Brush Strips & Baffles,PROD-1298719794,,,PROD-1298719794,Bundle,
,false,Allowed,,,,true,false,false,Mgmt Appliance Chassis,PROD-1302496369,,,PROD-1302496369,,
,false,Allowed,,,,true,false,false,24‑bay NVMe JBOF,PROD-1310694555,,,PROD-1310694555,,
,false,Allowed,,,,true,false,false,Rails & Mounting,PROD-1324161108,,,PROD-1324161108,Bundle,
,false,Allowed,,,,true,false,false,24‑bay SAS Shelf,PROD-1361853679,,,PROD-1361853679,,
,false,Allowed,,,,true,false,false,Dual IOM (PCIe),PROD-1380327064,,,PROD-1380327064,,
,false,Allowed,,,,true,false,false,Outlet Strips,PROD-1427074895,,,PROD-1427074895,Bundle,
,false,Allowed,,,,true,false,false,Generic Component B,PROD-1448587501,,,PROD-1448587501,Bundle,
,false,Allowed,,,,true,false,false,128x 100GbE Spine,PROD-1472536093,,,PROD-1472536093,Bundle,
,false,Allowed,,,,true,false,false,Compute Cluster,PROD-148835828,,,PROD-148835828,Bundle,
,false,Allowed,,,,true,false,false,Dual IOM (SAS),PROD-1491788725,,,PROD-1491788725,,
,false,Allowed,,,,true,false,false,Rack Screw & Cage Nut (set),PROD-1511371870,,,PROD-1511371870,,
,false,Allowed,,,,true,false,false,RJ‑45 Patch 3m,PROD-1514472773,,,PROD-1514472773,,
,false,Allowed,,,,true,false,false,1U Dual‑CPU Servers,PROD-1517433427,,,PROD-1517433427,Bundle,
,false,Allowed,,,,true,false,false,Fan Controller Board,PROD-1533783581,,,PROD-1533783581,Bundle,
,false,Allowed,,,,true,false,false,Generic Component B,PROD-1536519560,,,PROD-1536519560,Bundle,
,false,Allowed,,,,true,false,false,Generic Component A,PROD-1547313492,,,PROD-1547313492,Bundle,
,false,Allowed,,,,true,false,false,42U Uprights/Beams,PROD-1559036382,,,PROD-1559036382,Bundle,
,false,Allowed,,,,true,false,false,In‑Rack Fan Trays,PROD-1563124993,,,PROD-1563124993,Bundle,
,false,Allowed,,,,true,false,false,Side Panels,PROD-1563341377,,,PROD-1563341377,Bundle,
,false,Allowed,,,,true,false,false,Rail Mount Bracket,PROD-1574258426,,,PROD-1574258426,,
,false,Allowed,,,,true,false,false,Generic Component B,PROD-1576658789,,,PROD-1576658789,Bundle,
,false,Allowed,,,,true,false,false,Rear Door,PROD-1593141905,,,PROD-1593141905,Bundle,
,false,Allowed,,,,true,false,false,PDU‑A (30A/3‑phase),PROD-159863330,,,PROD-159863330,Bundle,
,false,Allowed,,,,true,false,false,Airflow Management (Blanking/Brush),PROD-1603627899,,,PROD-1603627899,Bundle,
,false,Allowed,,,,true,false,false,Motherboard (2‑socket),PROD-1607828377,,,PROD-1607828377,,
,false,Allowed,,,,true,false,false,Blanking Panels Set,PROD-1609709205,,,PROD-1609709205,Bundle,
,false,Allowed,,,,true,false,false,Dual NIC & BMC,PROD-1616292046,,,PROD-1616292046,,
,false,Allowed,,,,true,false,false,M.2 SSD 512GB (OS),PROD-1673140239,,,PROD-1673140239,,
,false,Allowed,,,,true,false,false,Battery String,PROD-1704766065,,,PROD-1704766065,,
,false,Allowed,,,,true,false,false,Security & Safety,PROD-1744092313,,,PROD-1744092313,Bundle,
,false,Allowed,,,,true,false,false,Inverter Module,PROD-1766568232,,,PROD-1766568232,Bundle,
,false,Allowed,,,,true,false,false,Heatsink Assembly,PROD-1768772247,,,PROD-1768772247,,
,false,Allowed,,,,true,false,false,Hot‑swap Fan Tray,PROD-1776230868,,,PROD-1776230868,Bundle,
,false,Allowed,,,,true,false,false,Inlet Cordset (IEC‑309),PROD-1795624702,,,PROD-1795624702,,
,false,Allowed,,,,true,false,false,Hardware Kit,PROD-1803530052,,,PROD-1803530052,Bundle,
,false,Allowed,,,,true,false,false,LCD/KVM‑over‑IP Console,PROD-1809409779,,,PROD-1809409779,Bundle,
,false,Allowed,,,,true,false,false,NVMe Backplane Cable,PROD-186801522,,,PROD-186801522,,
,false,Allowed,,,,true,false,false,2U Dual‑CPU Servers,PROD-1878093187,,,PROD-1878093187,Bundle,
,false,Allowed,,,,true,false,false,Breaker Module 30A,PROD-188088183,,,PROD-188088183,,
,false,Allowed,,,,true,false,false,Cabling & Harnesses,PROD-1897393325,,,PROD-1897393325,Bundle,
,false,Allowed,,,,true,false,false,PSU Power Cord (C19),PROD-1917148511,,,PROD-1917148511,,
,false,Allowed,,,,true,false,false,SAS Cable (Mini‑SAS HD),PROD-192607526,,,PROD-192607526,,
,false,Allowed,,,,true,false,false,Smart Rack Locks & Access,PROD-1939884557,,,PROD-1939884557,Bundle,
,false,Allowed,,,,true,false,false,Management & Monitoring,PROD-1941355444,,,PROD-1941355444,Bundle,
,false,Allowed,,,,true,false,false,Kensington Lock Anchor,PROD-1956857281,,,PROD-1956857281,,
,false,Allowed,,,,true,false,false,Rear Door,PROD-1977133047,,,PROD-1977133047,Bundle,
,false,Allowed,,,,true,false,false,Leveling Foot,PROD-2001013682,,,PROD-2001013682,,
,false,Allowed,,,,true,false,false,Cooling System,PROD-2003786421,,,PROD-2003786421,Bundle,
,false,Allowed,,,,true,false,false,Front Door,PROD-2004313496,,,PROD-2004313496,Bundle,
,false,Allowed,,,,true,false,false,25/100GbE NIC,PROD-2006854732,,,PROD-2006854732,,
,false,Allowed,,,,true,false,false,Harness,PROD-2035320005,,,PROD-2035320005,Bundle,
,false,Allowed,,,,true,false,false,Universal Sliding Rails,PROD-204534203,,,PROD-204534203,,
,false,Allowed,,,,true,false,false,Motherboard (2‑socket),PROD-2058355083,,,PROD-2058355083,,
,false,Allowed,,,,true,false,false,Generic Component B,PROD-2059567741,,,PROD-2059567741,Bundle,
,false,Allowed,,,,true,false,false,Rear Door,PROD-2063526037,,,PROD-2063526037,Bundle,
,false,Allowed,,,,true,false,false,Chassis & Backplane (2U),PROD-2108848830,,,PROD-2108848830,,
,false,Allowed,,,,true,false,false,SmartNIC 2x100GbE,PROD-2115474628,,,PROD-2115474628,,
,false,Allowed,,,,true,false,false,Storage Subsystem,PROD-2116311267,,,PROD-2116311267,Bundle,
,false,Allowed,,,,true,false,false,Temp Probe Cable,PROD-217263495,,,PROD-217263495,,
,false,Allowed,,,,true,false,false,Environmental & Fire Sensors,PROD-217937560,,,PROD-217937560,,
,false,Allowed,,,,true,false,false,Leak Sensor Rope 3m,PROD-275930088,,,PROD-275930088,,
,false,Allowed,,,,true,false,false,Fan Module Set,PROD-279707357,,,PROD-279707357,Bundle,
,false,Allowed,,,,true,false,false,LC‑LC OM4 Patch 2m,PROD-293991009,,,PROD-293991009,,
,false,Allowed,,,,true,false,false,Airflow Blanking Panel 1U,PROD-310172567,,,PROD-310172567,,
,false,Allowed,,,,true,false,false,Doors & Panels,PROD-322363365,,,PROD-322363365,Bundle,
,false,Allowed,,,,true,false,false,SAS HDD 12TB,PROD-337489460,,,PROD-337489460,,
,false,Allowed,,,,true,false,false,Aggregation/Spine Switches,PROD-356310368,,,PROD-356310368,Bundle,
,false,Allowed,,,,true,false,false,Velcro Strap Pack,PROD-362281425,,,PROD-362281425,,
,false,Allowed,,,,true,false,false,Generic Component B,PROD-384361183,,,PROD-384361183,Bundle,
,false,Allowed,,,,true,false,false,QSFP28 100G Transceiver,PROD-384933134,,,PROD-384933134,,
,false,Allowed,,,,true,false,false,Fan Tray Frame,PROD-387008033,,,PROD-387008033,Bundle,
,false,Allowed,,,,true,false,false,DDR5 DIMM 32GB,PROD-398656864,,,PROD-398656864,,
,false,Allowed,,,,true,false,false,Thermal Paste Pack,PROD-406950016,,,PROD-406950016,,
,false,Allowed,,,,true,false,false,Side Panel Set,PROD-409095263,,,PROD-409095263,Bundle,
,false,Allowed,,,,true,false,false,Drive Tray Latch,PROD-410431707,,,PROD-410431707,,
,false,Allowed,,,,true,false,false,Switch Mainboard,PROD-416568204,,,PROD-416568204,Bundle,
,false,Allowed,,,,true,false,false,Electro‑mechanical Lock,PROD-44164144,,,PROD-44164144,,
,false,Allowed,,,,true,false,false,Brush Strip 1U,PROD-448734868,,,PROD-448734868,,
PC-QB-SERVER,false,Allowed,,/resource/omniserver,Bundle,true,false,false,QuantumBit - OmniRack DC42 Series,PROD-455868158,Each,,PROD-455868158,Bundle,
,false,Allowed,,,,true,false,false,Cable Management Hook,PROD-460189389,,,PROD-460189389,,
,false,Allowed,,,,true,false,false,Generic Component A,PROD-462218852,,,PROD-462218852,Bundle,
,false,Allowed,,,,true,false,false,Copper Harness Kits,PROD-490571009,,,PROD-490571009,,
,false,Allowed,,,,true,false,false,Upright Posts,PROD-498531761,,,PROD-498531761,Bundle,
,false,Allowed,,,,true,false,false,SAS/NL‑SAS Disk Shelves,PROD-518530525,,,PROD-518530525,Bundle,
,false,Allowed,,,,true,false,false,PDU‑B (30A/3‑phase),PROD-518677116,,,PROD-518677116,Bundle,
,false,Allowed,,,,true,false,false,Fiber Harness Kits,PROD-522303157,,,PROD-522303157,,
,false,Allowed,,,,true,false,false,C13‑C14 Power Cord,PROD-536938805,,,PROD-536938805,,
,false,Allowed,,,,true,false,false,Power System,PROD-544673184,,,PROD-544673184,Bundle,
,false,Allowed,,,,true,false,false,Metering Board,PROD-545409999,,,PROD-545409999,Bundle,
,false,Allowed,,,,true,false,false,Label Sheet (Avery),PROD-550606303,,,PROD-550606303,,
,false,Allowed,,,,true,false,false,Chassis & Backplane (1U),PROD-557364787,,,PROD-557364787,,
,false,Allowed,,,,true,false,false,Side Panel Set,PROD-597705628,,,PROD-597705628,Bundle,
,false,Allowed,,,,true,false,false,Cross‑Beams,PROD-604480020,,,PROD-604480020,Bundle,
,false,Allowed,,,,true,false,false,Hot‑swap Fan Module,PROD-617615202,,,PROD-617615202,,
,false,Allowed,,,,true,false,false,Frame Assembly,PROD-630065671,,,PROD-630065671,Bundle,
,false,Allowed,,,,true,false,false,MCU Board,PROD-630070740,,,PROD-630070740,Bundle,
,false,Allowed,,,,true,false,false,ESD Wrist Strap,PROD-65259457,,,PROD-65259457,,
,false,Allowed,,,,true,false,false,RJ‑45 Patch 1m,PROD-657569692,,,PROD-657569692,,
,false,Allowed,,,,true,false,false,Generic Component A,PROD-6630506,,,PROD-6630506,Bundle,
,false,Allowed,,,,true,false,false,OOB Mgmt Gateway,PROD-670848332,,,PROD-670848332,Bundle,
,false,Allowed,,,,true,false,false,Dual PSU & Fan Modules,PROD-683520187,,,PROD-683520187,Bundle,
,false,Allowed,,,,true,false,false,Breaker Set,PROD-689623762,,,PROD-689623762,Bundle,
,false,Allowed,,,,true,false,false,Rack UPS & Battery Pack,PROD-697645794,,,PROD-697645794,Bundle,
,false,Allowed,,,,true,false,false,KVM Switch Core,PROD-711527748,,,PROD-711527748,,
,false,Allowed,,,,true,false,false,EMI Shield Gasket,PROD-720237395,,,PROD-720237395,,
,false,Allowed,,,,true,false,false,Side Panel Set,PROD-755090702,,,PROD-755090702,Bundle,
,false,Allowed,,,,true,false,false,Caster Wheel,PROD-764576755,,,PROD-764576755,,
,false,Allowed,,,,true,false,false,CPU (Sapphire Rapids),PROD-775691186,,,PROD-775691186,,
,false,Allowed,,,,true,false,false,Hot‑swap Fan (x6),PROD-77740090,,,PROD-77740090,Bundle,
,false,Allowed,,,,true,false,false,Top‑of‑Rack Switches,PROD-781554326,,,PROD-781554326,Bundle,
,false,Allowed,,,,true,false,false,MPO‑12 OM4 Trunk 10m,PROD-784779396,,,PROD-784779396,,
,false,Allowed,,,,true,false,false,Rack Enclosure (42U),PROD-789058761,,,PROD-789058761,Bundle,
,false,Allowed,,,,true,false,false,Vertical Cable Managers,PROD-795190764,,,PROD-795190764,,
,false,Allowed,,,,true,false,false,Leveling Feet & Casters,PROD-799314932,,,PROD-799314932,Bundle,
,false,Allowed,,,,true,false,false,Generic Component B,PROD-828674135,,,PROD-828674135,Bundle,
,false,Allowed,,,,true,false,false,Documentation Packet,PROD-84107093,,,PROD-84107093,,
,false,Allowed,,,,true,false,false,Smoke Detector Head,PROD-844684431,,,PROD-844684431,,
,false,Allowed,,,,true,false,false,Bypass Module,PROD-860612882,,,PROD-860612882,Bundle,
,false,Allowed,,,,true,false,false,32x 100GbE Switch (TOR),PROD-86201530,,,PROD-86201530,Bundle,
,false,Allowed,,,,true,false,false,SFP28 25G Transceiver,PROD-890173745,,,PROD-890173745,,
,false,Allowed,,,,true,false,false,Door Lock Key Set,PROD-915112779,,,PROD-915112779,,
,false,Allowed,,,,true,false,false,Fan Screws (set),PROD-942049373,,,PROD-942049373,,
,false,Allowed,,,,true,false,false,Front Door,PROD-950775878,,,PROD-950775878,Bundle,
,false,Allowed,,,,true,false,false,PCIe Riser,PROD-9614201,,,PROD-9614201,,
,false,Allowed,,,,true,false,false,Grounding Kit,PROD-961586782,,,PROD-961586782,,
,false,Allowed,,,,true,false,false,QSFP28 DAC 1m,PROD-970871438,,,PROD-970871438,,
,false,Allowed,,,,true,false,false,Rack Stabilizer Bracket,PROD-988309468,,,PROD-988309468,,
,false,Allowed,,,,true,false,false,NVMe JBOF Enclosures,PROD-990828007,,,PROD-990828007,Bundle,
,false,,,,,true,true,false,USD Resource Definition Product,RES-USD-DEF,,,RES-USD-DEF,,
PC-QB-SUB,false,Allowed,QuantumBit Subscription,/resource/subscription,Software,true,true,false,QuantumBit Subscription,TEST-SUB,Each,,TEST-SUB,,
