$$ChildProductClassification.Code$ChildProduct.StockKeepingUnit$ParentProduct.StockKeepingUnit$ProductComponentGroup.Code$ProductRelationshipType.Name,ChildProduct.StockKeepingUnit,ChildProductClassification.Code,ChildProductRole,ChildSellingModel.$$Name$SellingModelType,DoesBundlePriceIncludeChild,IsComponentRequired,IsDefaultComponent,IsQuantityEditable,MaxQuantity,MinQuantity,ParentProduct.StockKeepingUnit,ParentProductRole,ParentSellingModel.$$Name$SellingModelType,ProductComponentGroup.Code,ProductRelationshipType.Name,Quantity,QuantityScaleMethod,QuoteVisibility,Sequence,UnitOfMeasure.UnitCode
;QB-API;QB-COMPLETE;PCG-QB-SOFTWARE;Bundle to Bundle Component Relationship,QB-API,,BundleComponent,,false,false,false,true,,,QB-COMPLETE,Bundle,,PCG-QB-SOFTWARE,Bundle to Bundle Component Relationship,1,,Always,20,
;QB-API-MGMT;QB-COMPLETE;PCG-QB-SOFTWARE;Bundle to Bundle Component Relationship,QB-API-MGMT,,BundleComponent,,false,false,true,true,,,QB-COMPLETE,Bundle,,PCG-QB-SOFTWARE,Bundle to Bundle Component Relationship,1,,Always,10,
;QB-API-REQT;QB-COMPLETE;PCG-QB-SOFTWARE;Bundle to Bundle Component Relationship,QB-API-REQT,,BundleComponent,,false,false,true,true,,,QB-COMPLETE,Bundle,,PCG-QB-SOFTWARE,Bundle to Bundle Component Relationship,100,,Always,70,
;QB-AUT-CRED;QB-COMPLETE;PCG-QB-ADDONS;Bundle to Bundle Component Relationship,QB-AUT-CRED,,BundleComponent,,false,false,false,true,,,QB-COMPLETE,Bundle,,PCG-QB-ADDONS,Bundle to Bundle Component Relationship,25,,Always,60,
;QB-BDL-SRVC;QB-COMPLETE;PCG-QB-SERVICES;Bundle to Bundle Component Relationship,QB-BDL-SRVC,,BundleComponent,,false,false,false,false,,,QB-COMPLETE,Bundle,,PCG-QB-SERVICES,Bundle to Bundle Component Relationship,1,,Always,50,
;QB-BET X710SFP;QB-BDL-R750;PCG-QB-SRV-NIC;Bundle to Bundle Component Relationship,QB-BET X710SFP,,BundleComponent,,true,false,false,false,,,QB-BDL-R750,Bundle,,PCG-QB-SRV-NIC,Bundle to Bundle Component Relationship,1,Proportional,Always,2,
;QB-CBOOST-150;QB-QRack-750;I/O;Bundle to Bundle Component Relationship,QB-CBOOST-150,,BundleComponent,,false,false,false,true,,,QB-QRack-750,Bundle,,I/O,Bundle to Bundle Component Relationship,1,,Always,3,
;QB-CMT-TKN-EACH;QB-COMPLETE;QB-PCG-USAGE;Bundle to Bundle Component Relationship,QB-CMT-TKN-EACH,,BundleComponent,,false,false,false,false,,,QB-COMPLETE,Bundle,,QB-PCG-USAGE,Bundle to Bundle Component Relationship,1,,Always,10,
;QB-CMT-TKN-FLAT;QB-COMPLETE;QB-PCG-USAGE;Bundle to Bundle Component Relationship,QB-CMT-TKN-FLAT,,BundleComponent,,false,false,false,false,,,QB-COMPLETE,Bundle,,QB-PCG-USAGE,Bundle to Bundle Component Relationship,1,,Always,20,
;QB-CMT-TKN-BND;QB-COMPLETE;QB-PCG-USAGE;Bundle to Bundle Component Relationship,QB-CMT-TKN-BND,,BundleComponent,,false,false,false,false,,,QB-COMPLETE,Bundle,,QB-PCG-USAGE,Bundle to Bundle Component Relationship,1,,Always,25,
;QB-CMT-TKN-TIER;QB-COMPLETE;QB-PCG-USAGE;Bundle to Bundle Component Relationship,QB-CMT-TKN-TIER,,BundleComponent,,false,false,false,false,,,QB-COMPLETE,Bundle,,QB-PCG-USAGE,Bundle to Bundle Component Relationship,1,,Always,30,
;QB-CPU-HEATSINK;QB-QRack-750;Cooling;Bundle to Bundle Component Relationship,QB-CPU-HEATSINK,,BundleComponent,,false,false,true,true,2,1,QB-QRack-750,Bundle,,Cooling,Bundle to Bundle Component Relationship,1,,Always,1,
;QB-DB;QB-COMPLETE;QB-PCG-USAGE;Bundle to Bundle Component Relationship,QB-DB,,BundleComponent,,false,false,true,false,,,QB-COMPLETE,Bundle,,QB-PCG-USAGE,Bundle to Bundle Component Relationship,1,,Always,5,
;QB-DB-TOKEN;QB-COMPLETE;QB-PCG-USAGE;Bundle to Bundle Component Relationship,QB-DB-TOKEN,,BundleComponent,,false,false,false,false,,,QB-COMPLETE,Bundle,,QB-PCG-USAGE,Bundle to Bundle Component Relationship,1,,Always,7,
;QB-FLO-STRT;QB-COMPLETE;PCG-QB-ADDONS;Bundle to Bundle Component Relationship,QB-FLO-STRT,,BundleComponent,,false,false,false,true,,,QB-COMPLETE,Bundle,,PCG-QB-ADDONS,Bundle to Bundle Component Relationship,5,,Always,40,
;QB-HD 1.2TB;QB-QRack-750;Hard Drives;Bundle to Bundle Component Relationship,QB-HD 1.2TB,,BundleComponent,,false,false,false,true,,,QB-QRack-750,Bundle,,Hard Drives,Bundle to Bundle Component Relationship,1,,Always,5,
;QB-HD 1TB;QB-BDL-R750;PCG-QB-SRV-HDD;Bundle to Bundle Component Relationship,QB-HD 1TB,,BundleComponent,,true,false,true,false,,,QB-BDL-R750,Bundle,,PCG-QB-SRV-HDD,Bundle to Bundle Component Relationship,1,Proportional,Always,1,
;QB-HD 1TB;QB-QRack-750;Hard Drives;Bundle to Bundle Component Relationship,QB-HD 1TB,,BundleComponent,,false,false,false,true,,,QB-QRack-750,Bundle,,Hard Drives,Bundle to Bundle Component Relationship,1,,Always,1,
;QB-HD 20TB;QB-QRack-750;Hard Drives;Bundle to Bundle Component Relationship,QB-HD 20TB,,BundleComponent,,false,false,false,true,,,QB-QRack-750,Bundle,,Hard Drives,Bundle to Bundle Component Relationship,1,,Always,4,
;QB-HD 3TB;QB-QRack-750;Hard Drives;Bundle to Bundle Component Relationship,QB-HD 3TB,,BundleComponent,,false,false,false,true,,,QB-QRack-750,Bundle,,Hard Drives,Bundle to Bundle Component Relationship,1,,Always,6,
;QB-HD 4TB;QB-BDL-R750;PCG-QB-SRV-HDD;Bundle to Bundle Component Relationship,QB-HD 4TB,,BundleComponent,,true,false,false,false,,,QB-BDL-R750,Bundle,,PCG-QB-SRV-HDD,Bundle to Bundle Component Relationship,1,Proportional,Always,2,
;QB-HD 4TB;QB-QRack-750;Hard Drives;Bundle to Bundle Component Relationship,QB-HD 4TB,,BundleComponent,,false,false,false,true,,,QB-QRack-750,Bundle,,Hard Drives,Bundle to Bundle Component Relationship,1,,Always,2,
;QB-HD 8TB;QB-BDL-R750;PCG-QB-SRV-HDD;Bundle to Bundle Component Relationship,QB-HD 8TB,,BundleComponent,,true,false,false,false,,,QB-BDL-R750,Bundle,,PCG-QB-SRV-HDD,Bundle to Bundle Component Relationship,1,Proportional,Always,3,
;QB-HD 8TB;QB-QRack-750;Hard Drives;Bundle to Bundle Component Relationship,QB-HD 8TB,,BundleComponent,,false,false,false,true,,,QB-QRack-750,Bundle,,Hard Drives,Bundle to Bundle Component Relationship,1,,Always,3,
;QB-HD 8TBSE;QB-BDL-R750;PCG-QB-SRV-HDD;Bundle to Bundle Component Relationship,QB-HD 8TBSE,,BundleComponent,,true,false,false,false,,,QB-BDL-R750,Bundle,,PCG-QB-SRV-HDD,Bundle to Bundle Component Relationship,1,Proportional,Always,4,
;QB-INTEL E5-2609;QB-BDL-R750;PCG-QB-SRV-CPU;Bundle to Bundle Component Relationship,QB-INTEL E5-2609,,BundleComponent,,true,false,false,false,,,QB-BDL-R750,Bundle,,PCG-QB-SRV-CPU,Bundle to Bundle Component Relationship,1,Proportional,Always,2,
;QB-INTEL E5-2660;QB-BDL-R750;PCG-QB-SRV-CPU;Bundle to Bundle Component Relationship,QB-INTEL E5-2660,,BundleComponent,,true,false,false,false,,,QB-BDL-R750,Bundle,,PCG-QB-SRV-CPU,Bundle to Bundle Component Relationship,1,Proportional,Always,3,
;QB-INTEL E5-2667;QB-BDL-R750;PCG-QB-SRV-CPU;Bundle to Bundle Component Relationship,QB-INTEL E5-2667,,BundleComponent,,true,false,true,false,,,QB-BDL-R750,Bundle,,PCG-QB-SRV-CPU,Bundle to Bundle Component Relationship,1,Proportional,Always,1,
;QB-INTEL E5-2683;QB-BDL-R750;PCG-QB-SRV-CPU;Bundle to Bundle Component Relationship,QB-INTEL E5-2683,,BundleComponent,,true,false,false,false,,,QB-BDL-R750,Bundle,,PCG-QB-SRV-CPU,Bundle to Bundle Component Relationship,1,Proportional,Always,4,
;QB-INTEL-GOLD-5318N;QB-QRack-750;Processor;Bundle to Bundle Component Relationship,QB-INTEL-GOLD-5318N,,BundleComponent,,false,false,false,true,2,,QB-QRack-750,Bundle,,Processor,Bundle to Bundle Component Relationship,1,,Always,2,EACH
;QB-INTEL-GOLD-6330N;QB-QRack-750;Processor;Bundle to Bundle Component Relationship,QB-INTEL-GOLD-6330N,,BundleComponent,,false,false,false,true,2,,QB-QRack-750,Bundle,,Processor,Bundle to Bundle Component Relationship,1,,Always,3,EACH
;QB-INTEL-GOLD-6354;QB-QRack-750;Processor;Bundle to Bundle Component Relationship,QB-INTEL-GOLD-6354,,BundleComponent,,false,false,false,true,2,,QB-QRack-750,Bundle,,Processor,Bundle to Bundle Component Relationship,1,,Always,1,EACH
;QB-INTEL-PLAT-8352M;QB-QRack-750;Processor;Bundle to Bundle Component Relationship,QB-INTEL-PLAT-8352M,,BundleComponent,,false,false,false,true,2,,QB-QRack-750,Bundle,,Processor,Bundle to Bundle Component Relationship,1,,Always,5,EACH
;QB-INTEL-PLAT-8352Y;QB-QRack-750;Processor;Bundle to Bundle Component Relationship,QB-INTEL-PLAT-8352Y,,BundleComponent,,false,false,false,true,2,,QB-QRack-750,Bundle,,Processor,Bundle to Bundle Component Relationship,1,,Always,4,EACH
;QB-INTEL-PLAT-8360Y;QB-QRack-750;Processor;Bundle to Bundle Component Relationship,QB-INTEL-PLAT-8360Y,,BundleComponent,,false,false,false,true,2,,QB-QRack-750,Bundle,,Processor,Bundle to Bundle Component Relationship,1,,Always,6,EACH
;QB-INTEL-PLAT-8368;QB-QRack-750;Processor;Bundle to Bundle Component Relationship,QB-INTEL-PLAT-8368,,BundleComponent,,false,false,false,true,2,,QB-QRack-750,Bundle,,Processor,Bundle to Bundle Component Relationship,1,,Always,7,EACH
;QB-LIQUIDCOOL;QB-QRack-750;Cooling;Bundle to Bundle Component Relationship,QB-LIQUIDCOOL,,BundleComponent,,false,false,false,true,,,QB-QRack-750,Bundle,,Cooling,Bundle to Bundle Component Relationship,1,,Always,2,
;QB-MEM 128GB;QB-QRack-750;Memory;Bundle to Bundle Component Relationship,QB-MEM 128GB,,BundleComponent,,false,false,false,true,,,QB-QRack-750,Bundle,,Memory,Bundle to Bundle Component Relationship,1,,Always,5,
;QB-MEM 16GB;QB-BDL-R750;PCG-QB-SRV-RAM;Bundle to Bundle Component Relationship,QB-MEM 16GB,,BundleComponent,,true,false,false,false,,,QB-BDL-R750,Bundle,,PCG-QB-SRV-RAM,Bundle to Bundle Component Relationship,1,Proportional,Always,2,
;QB-MEM 16GB;QB-QRack-750;Memory;Bundle to Bundle Component Relationship,QB-MEM 16GB,,BundleComponent,,false,false,false,true,,,QB-QRack-750,Bundle,,Memory,Bundle to Bundle Component Relationship,1,,Always,2,
;QB-MEM 32GB;QB-BDL-R750;PCG-QB-SRV-RAM;Bundle to Bundle Component Relationship,QB-MEM 32GB,,BundleComponent,,true,false,false,false,,,QB-BDL-R750,Bundle,,PCG-QB-SRV-RAM,Bundle to Bundle Component Relationship,1,Proportional,Always,3,
;QB-MEM 32GB;QB-QRack-750;Memory;Bundle to Bundle Component Relationship,QB-MEM 32GB,,BundleComponent,,false,false,true,true,,,QB-QRack-750,Bundle,,Memory,Bundle to Bundle Component Relationship,1,,Always,3,
;QB-MEM 64GB;QB-QRack-750;Memory;Bundle to Bundle Component Relationship,QB-MEM 64GB,,BundleComponent,,false,false,false,true,,,QB-QRack-750,Bundle,,Memory,Bundle to Bundle Component Relationship,1,,Always,4,
;QB-MEM 8GB;QB-BDL-R750;PCG-QB-SRV-RAM;Bundle to Bundle Component Relationship,QB-MEM 8GB,,BundleComponent,,true,false,true,false,,,QB-BDL-R750,Bundle,,PCG-QB-SRV-RAM,Bundle to Bundle Component Relationship,1,Proportional,Always,1,
;QB-MEM 8GB;QB-QRack-750;Memory;Bundle to Bundle Component Relationship,QB-MEM 8GB,,BundleComponent,,false,false,false,true,,,QB-QRack-750,Bundle,,Memory,Bundle to Bundle Component Relationship,1,,Always,1,
;QB-MSG-STRT;QB-COMPLETE;PCG-QB-ADDONS;Bundle to Bundle Component Relationship,QB-MSG-STRT,,BundleComponent,,false,false,false,true,,,QB-COMPLETE,Bundle,,PCG-QB-ADDONS,Bundle to Bundle Component Relationship,5,,Always,30,
;QB-MTY-CMT;QB-COMPLETE;QB-PCG-USAGE;Bundle to Bundle Component Relationship,QB-MTY-CMT,,BundleComponent,,false,false,false,false,,,QB-COMPLETE,Bundle,,QB-PCG-USAGE,Bundle to Bundle Component Relationship,1,,Always,40,
;QB-NET X710;QB-BDL-R750;PCG-QB-SRV-NIC;Bundle to Bundle Component Relationship,QB-NET X710,,BundleComponent,,true,false,true,false,,,QB-BDL-R750,Bundle,,PCG-QB-SRV-NIC,Bundle to Bundle Component Relationship,1,Proportional,Always,1,
;QB-NET-100G-ULTRA;QB-QRack-750;Networking;Bundle to Bundle Component Relationship,QB-NET-100G-ULTRA,,BundleComponent,,false,false,false,true,,,QB-QRack-750,Bundle,,Networking,Bundle to Bundle Component Relationship,1,,Always,3,
;QB-NET-10G;QB-QRack-750;Networking;Bundle to Bundle Component Relationship,QB-NET-10G,,BundleComponent,,false,false,false,true,,,QB-QRack-750,Bundle,,Networking,Bundle to Bundle Component Relationship,1,,Always,1,
;QB-NET-25G;QB-QRack-750;Networking;Bundle to Bundle Component Relationship,QB-NET-25G,,BundleComponent,,false,false,false,true,,,QB-QRack-750,Bundle,,Networking,Bundle to Bundle Component Relationship,1,,Always,2,
;QB-NETSECURE-10G;QB-QRack-750;Networking;Bundle to Bundle Component Relationship,QB-NETSECURE-10G,,BundleComponent,,false,false,false,true,,,QB-QRack-750,Bundle,,Networking,Bundle to Bundle Component Relationship,1,,Always,4,
;QB-NovaX150;QB-QRack-750;GPUs;Bundle to Bundle Component Relationship,QB-NovaX150,,BundleComponent,,false,false,false,true,,,QB-QRack-750,Bundle,,GPUs,Bundle to Bundle Component Relationship,1,,Always,1,
;QB-NVExpand-200;QB-QRack-750;I/O;Bundle to Bundle Component Relationship,QB-NVExpand-200,,BundleComponent,,false,false,false,true,,,QB-QRack-750,Bundle,,I/O,Bundle to Bundle Component Relationship,1,,Always,2,
;QB-PWRCORE-1600S;QB-QRack-750;Power Supply;Bundle to Bundle Component Relationship,QB-PWRCORE-1600S,,BundleComponent,,false,false,false,false,,,QB-QRack-750,Bundle,,Power Supply,Bundle to Bundle Component Relationship,1,Proportional,Always,3,
;QB-PWRCORE-500S;QB-QRack-750;Power Supply;Bundle to Bundle Component Relationship,QB-PWRCORE-500S,,BundleComponent,,false,false,false,false,,,QB-QRack-750,Bundle,,Power Supply,Bundle to Bundle Component Relationship,1,Proportional,Always,1,
;QB-PWRCORE-800S;QB-QRack-750;Power Supply;Bundle to Bundle Component Relationship,QB-PWRCORE-800S,,BundleComponent,,false,false,false,false,,,QB-QRack-750,Bundle,,Power Supply,Bundle to Bundle Component Relationship,1,Proportional,Always,2,
;QB-PWRSAFE-1000D;QB-QRack-750;Power Supply;Bundle to Bundle Component Relationship,QB-PWRSAFE-1000D,,BundleComponent,,false,false,false,false,,,QB-QRack-750,Bundle,,Power Supply,Bundle to Bundle Component Relationship,1,Proportional,Always,5,
;QB-PWRSAFE-2000D;QB-QRack-750;Power Supply;Bundle to Bundle Component Relationship,QB-PWRSAFE-2000D,,BundleComponent,,false,false,true,false,,,QB-QRack-750,Bundle,,Power Supply,Bundle to Bundle Component Relationship,1,Proportional,Always,6,
;QB-PWRSAFE-600D;QB-QRack-750;Power Supply;Bundle to Bundle Component Relationship,QB-PWRSAFE-600D,,BundleComponent,,false,false,false,false,,,QB-QRack-750,Bundle,,Power Supply,Bundle to Bundle Component Relationship,1,Proportional,Always,4,
;QB-QTY-CMT;QB-COMPLETE;QB-PCG-USAGE;Bundle to Bundle Component Relationship,QB-QTY-CMT,,BundleComponent,,false,false,false,false,,,QB-COMPLETE,Bundle,,QB-PCG-USAGE,Bundle to Bundle Component Relationship,1,,Always,50,
;QB-RAID-500;QB-QRack-750;I/O;Bundle to Bundle Component Relationship,QB-RAID-500,,BundleComponent,,false,false,false,true,,,QB-QRack-750,Bundle,,I/O,Bundle to Bundle Component Relationship,1,,Always,1,
;QB-SRV-DNE;QB-BDL-SRVC;PCG-QB-PS-ENGRESOURCES;Bundle to Bundle Component Relationship,QB-SRV-DNE,,BundleComponent,,false,false,false,true,,,QB-BDL-SRVC,Bundle,,PCG-QB-PS-ENGRESOURCES,Bundle to Bundle Component Relationship,8,,Always,2,
;QB-SRV-IMP;QB-BDL-SRVC;PCG-QB-PS-ENGRESOURCES;Bundle to Bundle Component Relationship,QB-SRV-IMP,,BundleComponent,,false,false,false,true,,,QB-BDL-SRVC,Bundle,,PCG-QB-PS-ENGRESOURCES,Bundle to Bundle Component Relationship,8,,Always,1,
;QB-SRV-ISE;QB-BDL-SRVC;PCG-QB-PS-ENGRESOURCES;Bundle to Bundle Component Relationship,QB-SRV-ISE,,BundleComponent,,false,false,false,true,,,QB-BDL-SRVC,Bundle,,PCG-QB-PS-ENGRESOURCES,Bundle to Bundle Component Relationship,8,,Always,5,
;QB-SRV-MEE;QB-BDL-SRVC;PCG-QB-PS-ENGRESOURCES;Bundle to Bundle Component Relationship,QB-SRV-MEE,,BundleComponent,,false,false,false,true,,,QB-BDL-SRVC,Bundle,,PCG-QB-PS-ENGRESOURCES,Bundle to Bundle Component Relationship,8,,Always,3,
;QB-SRV-OG-PSH;QB-COMPLETE;PCG-QB-SERVICES;Bundle to Bundle Component Relationship,QB-SRV-OG-PSH,,BundleComponent,,false,false,true,true,,,QB-COMPLETE,Bundle,,PCG-QB-SERVICES,Bundle to Bundle Component Relationship,250,,Always,10,
;QB-SRV-PD;QB-BDL-SRVC;PCG-QB-PS-PM;Bundle to Bundle Component Relationship,QB-SRV-PD,,BundleComponent,,false,false,false,true,,,QB-BDL-SRVC,Bundle,,PCG-QB-PS-PM,Bundle to Bundle Component Relationship,8,,Always,1,
;QB-SRV-PMN;QB-BDL-SRVC;PCG-QB-PS-PM;Bundle to Bundle Component Relationship,QB-SRV-PMN,,BundleComponent,,false,true,true,true,,,QB-BDL-SRVC,Bundle,,PCG-QB-PS-PM,Bundle to Bundle Component Relationship,8,,Always,2,
;QB-SRV-QAE;QB-BDL-SRVC;PCG-QB-PS-ENGRESOURCES;Bundle to Bundle Component Relationship,QB-SRV-QAE,,BundleComponent,,false,false,false,true,,,QB-BDL-SRVC,Bundle,,PCG-QB-PS-ENGRESOURCES,Bundle to Bundle Component Relationship,8,,Always,4,
;QB-SRV-SAT;QB-BDL-SRVC;PCG-QB-PS-SA;Bundle to Bundle Component Relationship,QB-SRV-SAT,,BundleComponent,,false,false,true,true,,,QB-BDL-SRVC,Bundle,,PCG-QB-PS-SA,Bundle to Bundle Component Relationship,8,,Always,1,
;QB-SRV-SOW;QB-COMPLETE;PCG-QB-SERVICES;Bundle to Bundle Component Relationship,QB-SRV-SOW,,BundleComponent,,true,false,false,false,,,QB-COMPLETE,Bundle,,PCG-QB-SERVICES,Bundle to Bundle Component Relationship,1,Proportional,Always,20,
;QB-SSD 16TB;QB-QRack-750;Solid State Drives;Bundle to Bundle Component Relationship,QB-SSD 16TB,,BundleComponent,,false,false,false,true,,,QB-QRack-750,Bundle,,Solid State Drives,Bundle to Bundle Component Relationship,1,,Always,4,
;QB-SSD 2TB;QB-QRack-750;Solid State Drives;Bundle to Bundle Component Relationship,QB-SSD 2TB,,BundleComponent,,false,false,false,true,,,QB-QRack-750,Bundle,,Solid State Drives,Bundle to Bundle Component Relationship,1,,Always,1,
;QB-SSD 30TB;QB-QRack-750;Solid State Drives;Bundle to Bundle Component Relationship,QB-SSD 30TB,,BundleComponent,,false,false,false,true,,,QB-QRack-750,Bundle,,Solid State Drives,Bundle to Bundle Component Relationship,1,,Always,5,
;QB-SSD 4TB;QB-QRack-750;Solid State Drives;Bundle to Bundle Component Relationship,QB-SSD 4TB,,BundleComponent,,false,false,false,true,,,QB-QRack-750,Bundle,,Solid State Drives,Bundle to Bundle Component Relationship,1,,Always,2,
;QB-SSD 8TB;QB-QRack-750;Solid State Drives;Bundle to Bundle Component Relationship,QB-SSD 8TB,,BundleComponent,,false,false,false,true,,,QB-QRack-750,Bundle,,Solid State Drives,Bundle to Bundle Component Relationship,1,,Always,3,
;QB-SUPP-1000;QB-BDL-STND;PCG-QBSTARTER-MAINT;Bundle to Bundle Component Relationship,QB-SUPP-1000,,BundleComponent,,false,false,true,false,,,QB-BDL-STND,Bundle,,PCG-QBSTARTER-MAINT,Bundle to Bundle Component Relationship,1,Proportional,Always,20,
;QB-SUPP-1005;QB-BDL-STND;PCG-QBSTARTER-MAINT;Bundle to Bundle Component Relationship,QB-SUPP-1005,,BundleComponent,,false,false,false,false,,,QB-BDL-STND,Bundle,,PCG-QBSTARTER-MAINT,Bundle to Bundle Component Relationship,1,Proportional,Always,10,
;QB-SUPP-2000;QB-COMPLETE;PCG-QB-MAINT;Bundle to Bundle Component Relationship,QB-SUPP-2000,,BundleComponent,,false,false,false,false,,,QB-COMPLETE,Bundle,,PCG-QB-MAINT,Bundle to Bundle Component Relationship,1,Constant,Always,40,
;QB-TRN-ESSNTLS;QB-BDL-STND;PCG-QBSTARTER-TRAINING;Bundle to Bundle Component Relationship,QB-TRN-ESSNTLS,,BundleComponent,,false,false,true,false,,,QB-BDL-STND,Bundle,,PCG-QBSTARTER-TRAINING,Bundle to Bundle Component Relationship,1,Proportional,Always,20,
;QB-TRN-ESSNTLS;QB-COMPLETE;PCG-QB-TRAINING;Bundle to Bundle Component Relationship,QB-TRN-ESSNTLS,,BundleComponent,,false,false,false,false,,,QB-COMPLETE,Bundle,,PCG-QB-TRAINING,Bundle to Bundle Component Relationship,1,Proportional,Always,10,
;QB-TRN-FUND;QB-BDL-STND;PCG-QBSTARTER-TRAINING;Bundle to Bundle Component Relationship,QB-TRN-FUND,,BundleComponent,,false,false,false,false,,,QB-BDL-STND,Bundle,,PCG-QBSTARTER-TRAINING,Bundle to Bundle Component Relationship,1,Proportional,Always,10,
;QB-TRN-FUND;QB-COMPLETE;PCG-QB-TRAINING;Bundle to Bundle Component Relationship,QB-TRN-FUND,,BundleComponent,,false,false,false,false,,,QB-COMPLETE,Bundle,,PCG-QB-TRAINING,Bundle to Bundle Component Relationship,1,Proportional,Always,20,
;QB-VegaX200;QB-QRack-750;GPUs;Bundle to Bundle Component Relationship,QB-VegaX200,,BundleComponent,,false,false,false,true,,,QB-QRack-750,Bundle,,GPUs,Bundle to Bundle Component Relationship,1,,Always,2,
;PROD-1000281857;PROD-86201530;PCG-PROD-86201530-STD;Bundle to Bundle Component Relationship,PROD-1000281857,,BundleComponent,,true,false,true,false,,,PROD-86201530,Bundle,,PCG-PROD-86201530-STD,Bundle to Bundle Component Relationship,1,Proportional,Always,,
;PROD-1002254785;PROD-604480020;PCG-PROD-604480020-STD;Bundle to Bundle Component Relationship,PROD-1002254785,,BundleComponent,,true,false,true,false,,,PROD-604480020,Bundle,,PCG-PROD-604480020-STD,Bundle to Bundle Component Relationship,1,Proportional,Always,,
;PROD-1008704562;PROD-455868158;PCG-PROD-455868158-STD;Bundle to Bundle Component Relationship,PROD-1008704562,,BundleComponent,,true,false,true,false,,,PROD-455868158,Bundle,,PCG-PROD-455868158-STD,Bundle to Bundle Component Relationship,1,Proportional,Always,,
;PROD-1038139044;PROD-462218852;PCG-PROD-462218852-STD;Bundle to Bundle Component Relationship,PROD-1038139044,,BundleComponent,,true,false,true,false,,,PROD-462218852,Bundle,,PCG-PROD-462218852-STD,Bundle to Bundle Component Relationship,1,Proportional,Always,,
;PROD-1046989797;PROD-518677116;PCG-PROD-518677116-STD;Bundle to Bundle Component Relationship,PROD-1046989797,,BundleComponent,,true,false,true,false,,,PROD-518677116,Bundle,,PCG-PROD-518677116-STD,Bundle to Bundle Component Relationship,1,Proportional,Always,,
;PROD-1054187061;PROD-1160394163;PCG-PROD-1160394163-STD;Bundle to Bundle Component Relationship,PROD-1054187061,,BundleComponent,,true,false,true,false,,,PROD-1160394163,Bundle,,PCG-PROD-1160394163-STD,Bundle to Bundle Component Relationship,1,Proportional,Always,,
;PROD-1065068854;PROD-1536519560;PCG-PROD-1536519560-STD;Bundle to Bundle Component Relationship,PROD-1065068854,,BundleComponent,,true,false,true,false,,,PROD-1536519560,Bundle,,PCG-PROD-1536519560-STD,Bundle to Bundle Component Relationship,1,Proportional,Always,,
;PROD-1066573967;PROD-1609709205;PCG-PROD-1609709205-STD;Bundle to Bundle Component Relationship,PROD-1066573967,,BundleComponent,,true,false,true,false,,,PROD-1609709205,Bundle,,PCG-PROD-1609709205-STD,Bundle to Bundle Component Relationship,1,Proportional,Always,,
;PROD-1078575407;PROD-781554326;PCG-PROD-781554326-STD;Bundle to Bundle Component Relationship,PROD-1078575407,,BundleComponent,,true,false,true,false,,,PROD-781554326,Bundle,,PCG-PROD-781554326-STD,Bundle to Bundle Component Relationship,1,Proportional,Always,,
;PROD-111239623;PROD-1809409779;PCG-PROD-1809409779-STD;Bundle to Bundle Component Relationship,PROD-111239623,,BundleComponent,,true,false,true,false,,,PROD-1809409779,Bundle,,PCG-PROD-1809409779-STD,Bundle to Bundle Component Relationship,1,Proportional,Always,,
;PROD-1128940216;PROD-322363365;PCG-PROD-322363365-STD;Bundle to Bundle Component Relationship,PROD-1128940216,,BundleComponent,,true,false,true,false,,,PROD-322363365,Bundle,,PCG-PROD-322363365-STD,Bundle to Bundle Component Relationship,1,Proportional,Always,,
;PROD-1153963439;PROD-159863330;PCG-PROD-159863330-STD;Bundle to Bundle Component Relationship,PROD-1153963439,,BundleComponent,,true,false,true,false,,,PROD-159863330,Bundle,,PCG-PROD-159863330-STD,Bundle to Bundle Component Relationship,1,Proportional,Always,,
;PROD-1160394163;PROD-697645794;PCG-PROD-697645794-STD;Bundle to Bundle Component Relationship,PROD-1160394163,,BundleComponent,,true,false,true,false,,,PROD-697645794,Bundle,,PCG-PROD-697645794-STD,Bundle to Bundle Component Relationship,1,Proportional,Always,,
;PROD-1167731127;PROD-518677116;PCG-PROD-518677116-STD;Bundle to Bundle Component Relationship,PROD-1167731127,,BundleComponent,,true,false,true,false,,,PROD-518677116,Bundle,,PCG-PROD-518677116-STD,Bundle to Bundle Component Relationship,1,Proportional,Always,,
;PROD-1176699896;PROD-1448587501;PCG-PROD-1448587501-STD;Bundle to Bundle Component Relationship,PROD-1176699896,,BundleComponent,,true,false,true,false,,,PROD-1448587501,Bundle,,PCG-PROD-1448587501-STD,Bundle to Bundle Component Relationship,1,Proportional,Always,,
;PROD-1202444971;PROD-697645794;PCG-PROD-697645794-STD;Bundle to Bundle Component Relationship,PROD-1202444971,,BundleComponent,,true,false,true,false,,,PROD-697645794,Bundle,,PCG-PROD-697645794-STD,Bundle to Bundle Component Relationship,1,Proportional,Always,,
;PROD-1223537488;PROD-683520187;PCG-PROD-683520187-STD;Bundle to Bundle Component Relationship,PROD-1223537488,,BundleComponent,,true,false,true,false,,,PROD-683520187,Bundle,,PCG-PROD-683520187-STD,Bundle to Bundle Component Relationship,1,Proportional,Always,,
;PROD-1232611253;PROD-1078575407;PCG-PROD-1078575407-STD;Bundle to Bundle Component Relationship,PROD-1232611253,,BundleComponent,,true,false,true,false,,,PROD-1078575407,Bundle,,PCG-PROD-1078575407-STD,Bundle to Bundle Component Relationship,1,Proportional,Always,,
;PROD-1234105735;PROD-544673184;PCG-PROD-544673184-STD;Bundle to Bundle Component Relationship,PROD-1234105735,,BundleComponent,,true,false,true,false,,,PROD-544673184,Bundle,,PCG-PROD-544673184-STD,Bundle to Bundle Component Relationship,1,Proportional,Always,,
;PROD-1247640563;PROD-1878093187;PCG-PROD-1878093187-STD;Bundle to Bundle Component Relationship,PROD-1247640563,,BundleComponent,,true,false,true,false,,,PROD-1878093187,Bundle,,PCG-PROD-1878093187-STD,Bundle to Bundle Component Relationship,1,Proportional,Always,,
;PROD-1249967782;PROD-416568204;PCG-PROD-416568204-STD;Bundle to Bundle Component Relationship,PROD-1249967782,,BundleComponent,,true,false,true,false,,,PROD-416568204,Bundle,,PCG-PROD-416568204-STD,Bundle to Bundle Component Relationship,1,Proportional,Always,,
;PROD-1289692484;PROD-1202444971;PCG-PROD-1202444971-STD;Bundle to Bundle Component Relationship,PROD-1289692484,,BundleComponent,,true,false,true,false,,,PROD-1202444971,Bundle,,PCG-PROD-1202444971-STD,Bundle to Bundle Component Relationship,1,Proportional,Always,,
;PROD-1298719794;PROD-1603627899;PCG-PROD-1603627899-STD;Bundle to Bundle Component Relationship,PROD-1298719794,,BundleComponent,,true,false,true,false,,,PROD-1603627899,Bundle,,PCG-PROD-1603627899-STD,Bundle to Bundle Component Relationship,1,Proportional,Always,,
;PROD-1302496369;PROD-670848332;PCG-PROD-670848332-STD;Bundle to Bundle Component Relationship,PROD-1302496369,,BundleComponent,,true,false,true,false,,,PROD-670848332,Bundle,,PCG-PROD-670848332-STD,Bundle to Bundle Component Relationship,1,Proportional,Always,,
;PROD-1310694555;PROD-990828007;PCG-PROD-990828007-STD;Bundle to Bundle Component Relationship,PROD-1310694555,,BundleComponent,,true,false,true,false,,,PROD-990828007,Bundle,,PCG-PROD-990828007-STD,Bundle to Bundle Component Relationship,1,Proportional,Always,,
;PROD-1324161108;PROD-455868158;PCG-PROD-455868158-STD;Bundle to Bundle Component Relationship,PROD-1324161108,,BundleComponent,,true,false,true,false,,,PROD-455868158,Bundle,,PCG-PROD-455868158-STD,Bundle to Bundle Component Relationship,1,Proportional,Always,,
;PROD-1361853679;PROD-518530525;PCG-PROD-518530525-STD;Bundle to Bundle Component Relationship,PROD-1361853679,,BundleComponent,,true,false,true,false,,,PROD-518530525,Bundle,,PCG-PROD-518530525-STD,Bundle to Bundle Component Relationship,1,Proportional,Always,,
;PROD-1380327064;PROD-990828007;PCG-PROD-990828007-STD;Bundle to Bundle Component Relationship,PROD-1380327064,,BundleComponent,,true,false,true,false,,,PROD-990828007,Bundle,,PCG-PROD-990828007-STD,Bundle to Bundle Component Relationship,1,Proportional,Always,,
;PROD-1427074895;PROD-159863330;PCG-PROD-159863330-STD;Bundle to Bundle Component Relationship,PROD-1427074895,,BundleComponent,,true,false,true,false,,,PROD-159863330,Bundle,,PCG-PROD-159863330-STD,Bundle to Bundle Component Relationship,1,Proportional,Always,,
;PROD-1448587501;PROD-1202444971;PCG-PROD-1202444971-STD;Bundle to Bundle Component Relationship,PROD-1448587501,,BundleComponent,,true,false,true,false,,,PROD-1202444971,Bundle,,PCG-PROD-1202444971-STD,Bundle to Bundle Component Relationship,1,Proportional,Always,,
;PROD-1472536093;PROD-356310368;PCG-PROD-356310368-STD;Bundle to Bundle Component Relationship,PROD-1472536093,,BundleComponent,,true,false,true,false,,,PROD-356310368,Bundle,,PCG-PROD-356310368-STD,Bundle to Bundle Component Relationship,1,Proportional,Always,,
;PROD-148835828;PROD-455868158;PCG-PROD-455868158-STD;Bundle to Bundle Component Relationship,PROD-148835828,,BundleComponent,,true,false,true,false,,,PROD-455868158,Bundle,,PCG-PROD-455868158-STD,Bundle to Bundle Component Relationship,1,Proportional,Always,,
;PROD-1491788725;PROD-518530525;PCG-PROD-518530525-STD;Bundle to Bundle Component Relationship,PROD-1491788725,,BundleComponent,,true,false,true,false,,,PROD-518530525,Bundle,,PCG-PROD-518530525-STD,Bundle to Bundle Component Relationship,1,Proportional,Always,,
;PROD-1511371870;PROD-2063526037;PCG-PROD-2063526037-STD;Bundle to Bundle Component Relationship,PROD-1511371870,,BundleComponent,,true,false,true,false,,,PROD-2063526037,Bundle,,PCG-PROD-2063526037-STD,Bundle to Bundle Component Relationship,1,Proportional,Always,,
;PROD-1514472773;PROD-1232611253;PCG-PROD-1232611253-STD;Bundle to Bundle Component Relationship,PROD-1514472773,,BundleComponent,,true,false,true,false,,,PROD-1232611253,Bundle,,PCG-PROD-1232611253-STD,Bundle to Bundle Component Relationship,1,Proportional,Always,,
;PROD-1517433427;PROD-148835828;PCG-PROD-148835828-STD;Bundle to Bundle Component Relationship,PROD-1517433427,,BundleComponent,,true,false,true,false,,,PROD-148835828,Bundle,,PCG-PROD-148835828-STD,Bundle to Bundle Component Relationship,1,Proportional,Always,,
;PROD-1533783581;PROD-1563124993;PCG-PROD-1563124993-STD;Bundle to Bundle Component Relationship,PROD-1533783581,,BundleComponent,,true,false,true,false,,,PROD-1563124993,Bundle,,PCG-PROD-1563124993-STD,Bundle to Bundle Component Relationship,1,Proportional,Always,,
;PROD-1536519560;PROD-799314932;PCG-PROD-799314932-STD;Bundle to Bundle Component Relationship,PROD-1536519560,,BundleComponent,,true,false,true,false,,,PROD-799314932,Bundle,,PCG-PROD-799314932-STD,Bundle to Bundle Component Relationship,1,Proportional,Always,,
;PROD-1547313492;PROD-1298719794;PCG-PROD-1298719794-STD;Bundle to Bundle Component Relationship,PROD-1547313492,,BundleComponent,,true,false,true,false,,,PROD-1298719794,Bundle,,PCG-PROD-1298719794-STD,Bundle to Bundle Component Relationship,1,Proportional,Always,,
;PROD-1559036382;PROD-630065671;PCG-PROD-630065671-STD;Bundle to Bundle Component Relationship,PROD-1559036382,,BundleComponent,,true,false,true,false,,,PROD-630065671,Bundle,,PCG-PROD-630065671-STD,Bundle to Bundle Component Relationship,1,Proportional,Always,,
;PROD-1563124993;PROD-2003786421;PCG-PROD-2003786421-STD;Bundle to Bundle Component Relationship,PROD-1563124993,,BundleComponent,,true,false,true,false,,,PROD-2003786421,Bundle,,PCG-PROD-2003786421-STD,Bundle to Bundle Component Relationship,1,Proportional,Always,,
;PROD-1563341377;PROD-322363365;PCG-PROD-322363365-STD;Bundle to Bundle Component Relationship,PROD-1563341377,,BundleComponent,,true,false,true,false,,,PROD-322363365,Bundle,,PCG-PROD-322363365-STD,Bundle to Bundle Component Relationship,1,Proportional,Always,,
;PROD-1574258426;PROD-755090702;PCG-PROD-755090702-STD;Bundle to Bundle Component Relationship,PROD-1574258426,,BundleComponent,,true,false,true,false,,,PROD-755090702,Bundle,,PCG-PROD-755090702-STD,Bundle to Bundle Component Relationship,1,Proportional,Always,,
;PROD-1576658789;PROD-683520187;PCG-PROD-683520187-STD;Bundle to Bundle Component Relationship,PROD-1576658789,,BundleComponent,,true,false,true,false,,,PROD-683520187,Bundle,,PCG-PROD-683520187-STD,Bundle to Bundle Component Relationship,1,Proportional,Always,,
;PROD-1593141905;PROD-1563341377;PCG-PROD-1563341377-STD;Bundle to Bundle Component Relationship,PROD-1593141905,,BundleComponent,,true,false,true,false,,,PROD-1563341377,Bundle,,PCG-PROD-1563341377-STD,Bundle to Bundle Component Relationship,1,Proportional,Always,,
;PROD-159863330;PROD-1234105735;PCG-PROD-1234105735-STD;Bundle to Bundle Component Relationship,PROD-159863330,,BundleComponent,,true,false,true,false,,,PROD-1234105735,Bundle,,PCG-PROD-1234105735-STD,Bundle to Bundle Component Relationship,1,Proportional,Always,,
;PROD-1603627899;PROD-2003786421;PCG-PROD-2003786421-STD;Bundle to Bundle Component Relationship,PROD-1603627899,,BundleComponent,,true,false,true,false,,,PROD-2003786421,Bundle,,PCG-PROD-2003786421-STD,Bundle to Bundle Component Relationship,1,Proportional,Always,,
;PROD-1607828377;PROD-1878093187;PCG-PROD-1878093187-STD;Bundle to Bundle Component Relationship,PROD-1607828377,,BundleComponent,,true,false,true,false,,,PROD-1878093187,Bundle,,PCG-PROD-1878093187-STD,Bundle to Bundle Component Relationship,1,Proportional,Always,,
;PROD-1609709205;PROD-1603627899;PCG-PROD-1603627899-STD;Bundle to Bundle Component Relationship,PROD-1609709205,,BundleComponent,,true,false,true,false,,,PROD-1603627899,Bundle,,PCG-PROD-1603627899-STD,Bundle to Bundle Component Relationship,1,Proportional,Always,,
;PROD-1673140239;PROD-2004313496;PCG-PROD-2004313496-STD;Bundle to Bundle Component Relationship,PROD-1673140239,,BundleComponent,,true,false,true,false,,,PROD-2004313496,Bundle,,PCG-PROD-2004313496-STD,Bundle to Bundle Component Relationship,1,Proportional,Always,,
;PROD-1704766065;PROD-462218852;PCG-PROD-462218852-STD;Bundle to Bundle Component Relationship,PROD-1704766065,,BundleComponent,,true,false,true,false,,,PROD-462218852,Bundle,,PCG-PROD-462218852-STD,Bundle to Bundle Component Relationship,1,Proportional,Always,,
;PROD-1744092313;PROD-455868158;PCG-PROD-455868158-STD;Bundle to Bundle Component Relationship,PROD-1744092313,,BundleComponent,,true,false,true,false,,,PROD-455868158,Bundle,,PCG-PROD-455868158-STD,Bundle to Bundle Component Relationship,1,Proportional,Always,,
;PROD-1766568232;PROD-1160394163;PCG-PROD-1160394163-STD;Bundle to Bundle Component Relationship,PROD-1766568232,,BundleComponent,,true,false,true,false,,,PROD-1160394163,Bundle,,PCG-PROD-1160394163-STD,Bundle to Bundle Component Relationship,1,Proportional,Always,,
;PROD-1768772247;PROD-1046989797;PCG-PROD-1046989797-STD;Bundle to Bundle Component Relationship,PROD-1768772247,,BundleComponent,,true,false,true,false,,,PROD-1046989797,Bundle,,PCG-PROD-1046989797-STD,Bundle to Bundle Component Relationship,1,Proportional,Always,,
;PROD-1776230868;PROD-1563124993;PCG-PROD-1563124993-STD;Bundle to Bundle Component Relationship,PROD-1776230868,,BundleComponent,,true,false,true,false,,,PROD-1563124993,Bundle,,PCG-PROD-1563124993-STD,Bundle to Bundle Component Relationship,1,Proportional,Always,,
;PROD-1795624702;PROD-2004313496;PCG-PROD-2004313496-STD;Bundle to Bundle Component Relationship,PROD-1795624702,,BundleComponent,,true,false,true,false,,,PROD-2004313496,Bundle,,PCG-PROD-2004313496-STD,Bundle to Bundle Component Relationship,1,Proportional,Always,,
;PROD-1803530052;PROD-1559036382;PCG-PROD-1559036382-STD;Bundle to Bundle Component Relationship,PROD-1803530052,,BundleComponent,,true,false,true,false,,,PROD-1559036382,Bundle,,PCG-PROD-1559036382-STD,Bundle to Bundle Component Relationship,1,Proportional,Always,,
;PROD-1809409779;PROD-1941355444;PCG-PROD-1941355444-STD;Bundle to Bundle Component Relationship,PROD-1809409779,,BundleComponent,,true,false,true,false,,,PROD-1941355444,Bundle,,PCG-PROD-1941355444-STD,Bundle to Bundle Component Relationship,1,Proportional,Always,,
;PROD-186801522;PROD-828674135;PCG-PROD-828674135-STD;Bundle to Bundle Component Relationship,PROD-186801522,,BundleComponent,,true,false,true,false,,,PROD-828674135,Bundle,,PCG-PROD-828674135-STD,Bundle to Bundle Component Relationship,1,Proportional,Always,,
;PROD-1878093187;PROD-148835828;PCG-PROD-148835828-STD;Bundle to Bundle Component Relationship,PROD-1878093187,,BundleComponent,,true,false,true,false,,,PROD-148835828,Bundle,,PCG-PROD-148835828-STD,Bundle to Bundle Component Relationship,1,Proportional,Always,,
;PROD-188088183;PROD-1803530052;PCG-PROD-1803530052-STD;Bundle to Bundle Component Relationship,PROD-188088183,,BundleComponent,,true,false,true,false,,,PROD-1803530052,Bundle,,PCG-PROD-1803530052-STD,Bundle to Bundle Component Relationship,1,Proportional,Always,,
;PROD-1897393325;PROD-455868158;PCG-PROD-455868158-STD;Bundle to Bundle Component Relationship,PROD-1897393325,,BundleComponent,,true,false,true,false,,,PROD-455868158,Bundle,,PCG-PROD-455868158-STD,Bundle to Bundle Component Relationship,1,Proportional,Always,,
;PROD-1917148511;PROD-1054187061;PCG-PROD-1054187061-STD;Bundle to Bundle Component Relationship,PROD-1917148511,,BundleComponent,,true,false,true,false,,,PROD-1054187061,Bundle,,PCG-PROD-1054187061-STD,Bundle to Bundle Component Relationship,1,Proportional,Always,,
;PROD-192607526;PROD-1000281857;PCG-PROD-1000281857-STD;Bundle to Bundle Component Relationship,PROD-192607526,,BundleComponent,,true,false,true,false,,,PROD-1000281857,Bundle,,PCG-PROD-1000281857-STD,Bundle to Bundle Component Relationship,1,Proportional,Always,,
;PROD-1939884557;PROD-1744092313;PCG-PROD-1744092313-STD;Bundle to Bundle Component Relationship,PROD-1939884557,,BundleComponent,,true,false,true,false,,,PROD-1744092313,Bundle,,PCG-PROD-1744092313-STD,Bundle to Bundle Component Relationship,1,Proportional,Always,,
;PROD-1941355444;PROD-455868158;PCG-PROD-455868158-STD;Bundle to Bundle Component Relationship,PROD-1941355444,,BundleComponent,,true,false,true,false,,,PROD-455868158,Bundle,,PCG-PROD-455868158-STD,Bundle to Bundle Component Relationship,1,Proportional,Always,,
;PROD-1956857281;PROD-384361183;PCG-PROD-384361183-STD;Bundle to Bundle Component Relationship,PROD-1956857281,,BundleComponent,,true,false,true,false,,,PROD-384361183,Bundle,,PCG-PROD-384361183-STD,Bundle to Bundle Component Relationship,1,Proportional,Always,,
;PROD-1977133047;PROD-1128940216;PCG-PROD-1128940216-STD;Bundle to Bundle Component Relationship,PROD-1977133047,,BundleComponent,,true,false,true,false,,,PROD-1128940216,Bundle,,PCG-PROD-1128940216-STD,Bundle to Bundle Component Relationship,1,Proportional,Always,,
;PROD-2001013682;PROD-950775878;PCG-PROD-950775878-STD;Bundle to Bundle Component Relationship,PROD-2001013682,,BundleComponent,,true,false,true,false,,,PROD-950775878,Bundle,,PCG-PROD-950775878-STD,Bundle to Bundle Component Relationship,1,Proportional,Always,,
;PROD-2003786421;PROD-455868158;PCG-PROD-455868158-STD;Bundle to Bundle Component Relationship,PROD-2003786421,,BundleComponent,,true,false,true,false,,,PROD-455868158,Bundle,,PCG-PROD-455868158-STD,Bundle to Bundle Component Relationship,1,Proportional,Always,,
;PROD-2004313496;PROD-1128940216;PCG-PROD-1128940216-STD;Bundle to Bundle Component Relationship,PROD-2004313496,,BundleComponent,,true,false,true,false,,,PROD-1128940216,Bundle,,PCG-PROD-1128940216-STD,Bundle to Bundle Component Relationship,1,Proportional,Always,,
;PROD-2006854732;PROD-597705628;PCG-PROD-597705628-STD;Bundle to Bundle Component Relationship,PROD-2006854732,,BundleComponent,,true,false,true,false,,,PROD-597705628,Bundle,,PCG-PROD-597705628-STD,Bundle to Bundle Component Relationship,1,Proportional,Always,,
;PROD-2035320005;PROD-1533783581;PCG-PROD-1533783581-STD;Bundle to Bundle Component Relationship,PROD-2035320005,,BundleComponent,,true,false,true,false,,,PROD-1533783581,Bundle,,PCG-PROD-1533783581-STD,Bundle to Bundle Component Relationship,1,Proportional,Always,,
;PROD-204534203;PROD-1324161108;PCG-PROD-1324161108-STD;Bundle to Bundle Component Relationship,PROD-204534203,,BundleComponent,,true,false,true,false,,,PROD-1324161108,Bundle,,PCG-PROD-1324161108-STD,Bundle to Bundle Component Relationship,1,Proportional,Always,,
;PROD-2058355083;PROD-1517433427;PCG-PROD-1517433427-STD;Bundle to Bundle Component Relationship,PROD-2058355083,,BundleComponent,,true,false,true,false,,,PROD-1517433427,Bundle,,PCG-PROD-1517433427-STD,Bundle to Bundle Component Relationship,1,Proportional,Always,,
;PROD-2059567741;PROD-1078575407;PCG-PROD-1078575407-STD;Bundle to Bundle Component Relationship,PROD-2059567741,,BundleComponent,,true,false,true,false,,,PROD-1078575407,Bundle,,PCG-PROD-1078575407-STD,Bundle to Bundle Component Relationship,1,Proportional,Always,,
;PROD-2063526037;PROD-1609709205;PCG-PROD-1609709205-STD;Bundle to Bundle Component Relationship,PROD-2063526037,,BundleComponent,,true,false,true,false,,,PROD-1609709205,Bundle,,PCG-PROD-1609709205-STD,Bundle to Bundle Component Relationship,1,Proportional,Always,,
;PROD-2108848830;PROD-1878093187;PCG-PROD-1878093187-STD;Bundle to Bundle Component Relationship,PROD-2108848830,,BundleComponent,,true,false,true,false,,,PROD-1878093187,Bundle,,PCG-PROD-1878093187-STD,Bundle to Bundle Component Relationship,1,Proportional,Always,,
;PROD-2115474628;PROD-1977133047;PCG-PROD-1977133047-STD;Bundle to Bundle Component Relationship,PROD-2115474628,,BundleComponent,,true,false,true,false,,,PROD-1977133047,Bundle,,PCG-PROD-1977133047-STD,Bundle to Bundle Component Relationship,1,Proportional,Always,,
;PROD-2116311267;PROD-455868158;PCG-PROD-455868158-STD;Bundle to Bundle Component Relationship,PROD-2116311267,,BundleComponent,,true,false,true,false,,,PROD-455868158,Bundle,,PCG-PROD-455868158-STD,Bundle to Bundle Component Relationship,1,Proportional,Always,,
;PROD-217263495;PROD-1223537488;PCG-PROD-1223537488-STD;Bundle to Bundle Component Relationship,PROD-217263495,,BundleComponent,,true,false,true,false,,,PROD-1223537488,Bundle,,PCG-PROD-1223537488-STD,Bundle to Bundle Component Relationship,1,Proportional,Always,,
;PROD-217937560;PROD-1744092313;PCG-PROD-1744092313-STD;Bundle to Bundle Component Relationship,PROD-217937560,,BundleComponent,,true,false,true,false,,,PROD-1744092313,Bundle,,PCG-PROD-1744092313-STD,Bundle to Bundle Component Relationship,1,Proportional,Always,,
;PROD-275930088;PROD-1576658789;PCG-PROD-1576658789-STD;Bundle to Bundle Component Relationship,PROD-275930088,,BundleComponent,,true,false,true,false,,,PROD-1576658789,Bundle,,PCG-PROD-1576658789-STD,Bundle to Bundle Component Relationship,1,Proportional,Always,,
;PROD-279707357;PROD-86201530;PCG-PROD-86201530-STD;Bundle to Bundle Component Relationship,PROD-279707357,,BundleComponent,,true,false,true,false,,,PROD-86201530,Bundle,,PCG-PROD-86201530-STD,Bundle to Bundle Component Relationship,1,Proportional,Always,,
;PROD-293991009;PROD-689623762;PCG-PROD-689623762-STD;Bundle to Bundle Component Relationship,PROD-293991009,,BundleComponent,,true,false,true,false,,,PROD-689623762,Bundle,,PCG-PROD-689623762-STD,Bundle to Bundle Component Relationship,1,Proportional,Always,,
;PROD-310172567;PROD-630070740;PCG-PROD-630070740-STD;Bundle to Bundle Component Relationship,PROD-310172567,,BundleComponent,,true,false,true,false,,,PROD-630070740,Bundle,,PCG-PROD-630070740-STD,Bundle to Bundle Component Relationship,1,Proportional,Always,,
;PROD-322363365;PROD-789058761;PCG-PROD-789058761-STD;Bundle to Bundle Component Relationship,PROD-322363365,,BundleComponent,,true,false,true,false,,,PROD-789058761,Bundle,,PCG-PROD-789058761-STD,Bundle to Bundle Component Relationship,1,Proportional,Always,,
;PROD-337489460;PROD-1536519560;PCG-PROD-1536519560-STD;Bundle to Bundle Component Relationship,PROD-337489460,,BundleComponent,,true,false,true,false,,,PROD-1536519560,Bundle,,PCG-PROD-1536519560-STD,Bundle to Bundle Component Relationship,1,Proportional,Always,,
;PROD-356310368;PROD-1008704562;PCG-PROD-1008704562-STD;Bundle to Bundle Component Relationship,PROD-356310368,,BundleComponent,,true,false,true,false,,,PROD-1008704562,Bundle,,PCG-PROD-1008704562-STD,Bundle to Bundle Component Relationship,1,Proportional,Always,,
;PROD-362281425;PROD-77740090;PCG-PROD-77740090-STD;Bundle to Bundle Component Relationship,PROD-362281425,,BundleComponent,,true,false,true,false,,,PROD-77740090,Bundle,,PCG-PROD-77740090-STD,Bundle to Bundle Component Relationship,1,Proportional,Always,,
;PROD-384361183;PROD-1472536093;PCG-PROD-1472536093-STD;Bundle to Bundle Component Relationship,PROD-384361183,,BundleComponent,,true,false,true,false,,,PROD-1472536093,Bundle,,PCG-PROD-1472536093-STD,Bundle to Bundle Component Relationship,1,Proportional,Always,,
;PROD-384933134;PROD-950775878;PCG-PROD-950775878-STD;Bundle to Bundle Component Relationship,PROD-384933134,,BundleComponent,,true,false,true,false,,,PROD-950775878,Bundle,,PCG-PROD-950775878-STD,Bundle to Bundle Component Relationship,1,Proportional,Always,,
;PROD-387008033;PROD-1776230868;PCG-PROD-1776230868-STD;Bundle to Bundle Component Relationship,PROD-387008033,,BundleComponent,,true,false,true,false,,,PROD-1776230868,Bundle,,PCG-PROD-1776230868-STD,Bundle to Bundle Component Relationship,1,Proportional,Always,,
;PROD-398656864;PROD-1803530052;PCG-PROD-1803530052-STD;Bundle to Bundle Component Relationship,PROD-398656864,,BundleComponent,,true,false,true,false,,,PROD-1803530052,Bundle,,PCG-PROD-1803530052-STD,Bundle to Bundle Component Relationship,1,Proportional,Always,,
;PROD-406950016;PROD-545409999;PCG-PROD-545409999-STD;Bundle to Bundle Component Relationship,PROD-406950016,,BundleComponent,,true,false,true,false,,,PROD-545409999,Bundle,,PCG-PROD-545409999-STD,Bundle to Bundle Component Relationship,1,Proportional,Always,,
;PROD-409095263;PROD-1563341377;PCG-PROD-1563341377-STD;Bundle to Bundle Component Relationship,PROD-409095263,,BundleComponent,,true,false,true,false,,,PROD-1563341377,Bundle,,PCG-PROD-1563341377-STD,Bundle to Bundle Component Relationship,1,Proportional,Always,,
;PROD-410431707;PROD-1547313492;PCG-PROD-1547313492-STD;Bundle to Bundle Component Relationship,PROD-410431707,,BundleComponent,,true,false,true,false,,,PROD-1547313492,Bundle,,PCG-PROD-1547313492-STD,Bundle to Bundle Component Relationship,1,Proportional,Always,,
;PROD-416568204;PROD-86201530;PCG-PROD-86201530-STD;Bundle to Bundle Component Relationship,PROD-416568204,,BundleComponent,,true,false,true,false,,,PROD-86201530,Bundle,,PCG-PROD-86201530-STD,Bundle to Bundle Component Relationship,1,Proportional,Always,,
;PROD-44164144;PROD-1939884557;PCG-PROD-1939884557-STD;Bundle to Bundle Component Relationship,PROD-44164144,,BundleComponent,,true,false,true,false,,,PROD-1939884557,Bundle,,PCG-PROD-1939884557-STD,Bundle to Bundle Component Relationship,1,Proportional,Always,,
;PROD-448734868;PROD-2035320005;PCG-PROD-2035320005-STD;Bundle to Bundle Component Relationship,PROD-448734868,,BundleComponent,,true,false,true,false,,,PROD-2035320005,Bundle,,PCG-PROD-2035320005-STD,Bundle to Bundle Component Relationship,1,Proportional,Always,,
;PROD-460189389;PROD-2059567741;PCG-PROD-2059567741-STD;Bundle to Bundle Component Relationship,PROD-460189389,,BundleComponent,,true,false,true,false,,,PROD-2059567741,Bundle,,PCG-PROD-2059567741-STD,Bundle to Bundle Component Relationship,1,Proportional,Always,,
;PROD-462218852;PROD-799314932;PCG-PROD-799314932-STD;Bundle to Bundle Component Relationship,PROD-462218852,,BundleComponent,,true,false,true,false,,,PROD-799314932,Bundle,,PCG-PROD-799314932-STD,Bundle to Bundle Component Relationship,1,Proportional,Always,,
;PROD-490571009;PROD-1897393325;PCG-PROD-1897393325-STD;Bundle to Bundle Component Relationship,PROD-490571009,,BundleComponent,,true,false,true,false,,,PROD-1897393325,Bundle,,PCG-PROD-1897393325-STD,Bundle to Bundle Component Relationship,1,Proportional,Always,,
;PROD-498531761;PROD-1559036382;PCG-PROD-1559036382-STD;Bundle to Bundle Component Relationship,PROD-498531761,,BundleComponent,,true,false,true,false,,,PROD-1559036382,Bundle,,PCG-PROD-1559036382-STD,Bundle to Bundle Component Relationship,1,Proportional,Always,,
;PROD-518530525;PROD-2116311267;PCG-PROD-2116311267-STD;Bundle to Bundle Component Relationship,PROD-518530525,,BundleComponent,,true,false,true,false,,,PROD-2116311267,Bundle,,PCG-PROD-2116311267-STD,Bundle to Bundle Component Relationship,1,Proportional,Always,,
;PROD-518677116;PROD-1234105735;PCG-PROD-1234105735-STD;Bundle to Bundle Component Relationship,PROD-518677116,,BundleComponent,,true,false,true,false,,,PROD-1234105735,Bundle,,PCG-PROD-1234105735-STD,Bundle to Bundle Component Relationship,1,Proportional,Always,,
;PROD-522303157;PROD-1897393325;PCG-PROD-1897393325-STD;Bundle to Bundle Component Relationship,PROD-522303157,,BundleComponent,,true,false,true,false,,,PROD-1897393325,Bundle,,PCG-PROD-1897393325-STD,Bundle to Bundle Component Relationship,1,Proportional,Always,,
;PROD-536938805;PROD-860612882;PCG-PROD-860612882-STD;Bundle to Bundle Component Relationship,PROD-536938805,,BundleComponent,,true,false,true,false,,,PROD-860612882,Bundle,,PCG-PROD-860612882-STD,Bundle to Bundle Component Relationship,1,Proportional,Always,,
;PROD-544673184;PROD-455868158;PCG-PROD-455868158-STD;Bundle to Bundle Component Relationship,PROD-544673184,,BundleComponent,,true,false,true,false,,,PROD-455868158,Bundle,,PCG-PROD-455868158-STD,Bundle to Bundle Component Relationship,1,Proportional,Always,,
;PROD-545409999;PROD-518677116;PCG-PROD-518677116-STD;Bundle to Bundle Component Relationship,PROD-545409999,,BundleComponent,,true,false,true,false,,,PROD-518677116,Bundle,,PCG-PROD-518677116-STD,Bundle to Bundle Component Relationship,1,Proportional,Always,,
;PROD-550606303;PROD-387008033;PCG-PROD-387008033-STD;Bundle to Bundle Component Relationship,PROD-550606303,,BundleComponent,,true,false,true,false,,,PROD-387008033,Bundle,,PCG-PROD-387008033-STD,Bundle to Bundle Component Relationship,1,Proportional,Always,,
;PROD-557364787;PROD-1517433427;PCG-PROD-1517433427-STD;Bundle to Bundle Component Relationship,PROD-557364787,,BundleComponent,,true,false,true,false,,,PROD-1517433427,Bundle,,PCG-PROD-1517433427-STD,Bundle to Bundle Component Relationship,1,Proportional,Always,,
;PROD-597705628;PROD-1128940216;PCG-PROD-1128940216-STD;Bundle to Bundle Component Relationship,PROD-597705628,,BundleComponent,,true,false,true,false,,,PROD-1128940216,Bundle,,PCG-PROD-1128940216-STD,Bundle to Bundle Component Relationship,1,Proportional,Always,,
;PROD-604480020;PROD-1559036382;PCG-PROD-1559036382-STD;Bundle to Bundle Component Relationship,PROD-604480020,,BundleComponent,,true,false,true,false,,,PROD-1559036382,Bundle,,PCG-PROD-1559036382-STD,Bundle to Bundle Component Relationship,1,Proportional,Always,,
;PROD-617615202;PROD-1167731127;PCG-PROD-1167731127-STD;Bundle to Bundle Component Relationship,PROD-617615202,,BundleComponent,,true,false,true,false,,,PROD-1167731127,Bundle,,PCG-PROD-1167731127-STD,Bundle to Bundle Component Relationship,1,Proportional,Always,,
;PROD-630065671;PROD-789058761;PCG-PROD-789058761-STD;Bundle to Bundle Component Relationship,PROD-630065671,,BundleComponent,,true,false,true,false,,,PROD-789058761,Bundle,,PCG-PROD-789058761-STD,Bundle to Bundle Component Relationship,1,Proportional,Always,,
;PROD-630070740;PROD-1533783581;PCG-PROD-1533783581-STD;Bundle to Bundle Component Relationship,PROD-630070740,,BundleComponent,,true,false,true,false,,,PROD-1533783581,Bundle,,PCG-PROD-1533783581-STD,Bundle to Bundle Component Relationship,1,Proportional,Always,,
;PROD-65259457;PROD-1593141905;PCG-PROD-1593141905-STD;Bundle to Bundle Component Relationship,PROD-65259457,,BundleComponent,,true,false,true,false,,,PROD-1593141905,Bundle,,PCG-PROD-1593141905-STD,Bundle to Bundle Component Relationship,1,Proportional,Always,,
;PROD-657569692;PROD-279707357;PCG-PROD-279707357-STD;Bundle to Bundle Component Relationship,PROD-657569692,,BundleComponent,,true,false,true,false,,,PROD-279707357,Bundle,,PCG-PROD-279707357-STD,Bundle to Bundle Component Relationship,1,Proportional,Always,,
;PROD-6630506;PROD-1472536093;PCG-PROD-1472536093-STD;Bundle to Bundle Component Relationship,PROD-6630506,,BundleComponent,,true,false,true,false,,,PROD-1472536093,Bundle,,PCG-PROD-1472536093-STD,Bundle to Bundle Component Relationship,1,Proportional,Always,,
;PROD-670848332;PROD-1941355444;PCG-PROD-1941355444-STD;Bundle to Bundle Component Relationship,PROD-670848332,,BundleComponent,,true,false,true,false,,,PROD-1941355444,Bundle,,PCG-PROD-1941355444-STD,Bundle to Bundle Component Relationship,1,Proportional,Always,,
;PROD-683520187;PROD-356310368;PCG-PROD-356310368-STD;Bundle to Bundle Component Relationship,PROD-683520187,,BundleComponent,,true,false,true,false,,,PROD-356310368,Bundle,,PCG-PROD-356310368-STD,Bundle to Bundle Component Relationship,1,Proportional,Always,,
;PROD-689623762;PROD-159863330;PCG-PROD-159863330-STD;Bundle to Bundle Component Relationship,PROD-689623762,,BundleComponent,,true,false,true,false,,,PROD-159863330,Bundle,,PCG-PROD-159863330-STD,Bundle to Bundle Component Relationship,1,Proportional,Always,,
;PROD-697645794;PROD-544673184;PCG-PROD-544673184-STD;Bundle to Bundle Component Relationship,PROD-697645794,,BundleComponent,,true,false,true,false,,,PROD-544673184,Bundle,,PCG-PROD-544673184-STD,Bundle to Bundle Component Relationship,1,Proportional,Always,,
;PROD-711527748;PROD-1809409779;PCG-PROD-1809409779-STD;Bundle to Bundle Component Relationship,PROD-711527748,,BundleComponent,,true,false,true,false,,,PROD-1809409779,Bundle,,PCG-PROD-1809409779-STD,Bundle to Bundle Component Relationship,1,Proportional,Always,,
;PROD-720237395;PROD-1066573967;PCG-PROD-1066573967-STD;Bundle to Bundle Component Relationship,PROD-720237395,,BundleComponent,,true,false,true,false,,,PROD-1066573967,Bundle,,PCG-PROD-1066573967-STD,Bundle to Bundle Component Relationship,1,Proportional,Always,,
;PROD-755090702;PROD-1609709205;PCG-PROD-1609709205-STD;Bundle to Bundle Component Relationship,PROD-755090702,,BundleComponent,,true,false,true,false,,,PROD-1609709205,Bundle,,PCG-PROD-1609709205-STD,Bundle to Bundle Component Relationship,1,Proportional,Always,,
;PROD-764576755;PROD-597705628;PCG-PROD-597705628-STD;Bundle to Bundle Component Relationship,PROD-764576755,,BundleComponent,,true,false,true,false,,,PROD-597705628,Bundle,,PCG-PROD-597705628-STD,Bundle to Bundle Component Relationship,1,Proportional,Always,,
;PROD-775691186;PROD-604480020;PCG-PROD-604480020-STD;Bundle to Bundle Component Relationship,PROD-775691186,,BundleComponent,,true,false,true,false,,,PROD-604480020,Bundle,,PCG-PROD-604480020-STD,Bundle to Bundle Component Relationship,1,Proportional,Always,,
;PROD-77740090;PROD-1776230868;PCG-PROD-1776230868-STD;Bundle to Bundle Component Relationship,PROD-77740090,,BundleComponent,,true,false,true,false,,,PROD-1776230868,Bundle,,PCG-PROD-1776230868-STD,Bundle to Bundle Component Relationship,1,Proportional,Always,,
;PROD-781554326;PROD-1008704562;PCG-PROD-1008704562-STD;Bundle to Bundle Component Relationship,PROD-781554326,,BundleComponent,,true,false,true,false,,,PROD-1008704562,Bundle,,PCG-PROD-1008704562-STD,Bundle to Bundle Component Relationship,1,Proportional,Always,,
;PROD-784779396;PROD-1153963439;PCG-PROD-1153963439-STD;Bundle to Bundle Component Relationship,PROD-784779396,,BundleComponent,,true,false,true,false,,,PROD-1153963439,Bundle,,PCG-PROD-1153963439-STD,Bundle to Bundle Component Relationship,1,Proportional,Always,,
;PROD-789058761;PROD-455868158;PCG-PROD-455868158-STD;Bundle to Bundle Component Relationship,PROD-789058761,,BundleComponent,,true,false,true,false,,,PROD-455868158,Bundle,,PCG-PROD-455868158-STD,Bundle to Bundle Component Relationship,1,Proportional,Always,,
;PROD-795190764;PROD-1324161108;PCG-PROD-1324161108-STD;Bundle to Bundle Component Relationship,PROD-795190764,,BundleComponent,,true,false,true,false,,,PROD-1324161108,Bundle,,PCG-PROD-1324161108-STD,Bundle to Bundle Component Relationship,1,Proportional,Always,,
;PROD-799314932;PROD-630065671;PCG-PROD-630065671-STD;Bundle to Bundle Component Relationship,PROD-799314932,,BundleComponent,,true,false,true,false,,,PROD-630065671,Bundle,,PCG-PROD-630065671-STD,Bundle to Bundle Component Relationship,1,Proportional,Always,,
;PROD-828674135;PROD-1298719794;PCG-PROD-1298719794-STD;Bundle to Bundle Component Relationship,PROD-828674135,,BundleComponent,,true,false,true,false,,,PROD-1298719794,Bundle,,PCG-PROD-1298719794-STD,Bundle to Bundle Component Relationship,1,Proportional,Always,,
;PROD-84107093;PROD-409095263;PCG-PROD-409095263-STD;Bundle to Bundle Component Relationship,PROD-84107093,,BundleComponent,,true,false,true,false,,,PROD-409095263,Bundle,,PCG-PROD-409095263-STD,Bundle to Bundle Component Relationship,1,Proportional,Always,,
;PROD-844684431;PROD-498531761;PCG-PROD-498531761-STD;Bundle to Bundle Component Relationship,PROD-844684431,,BundleComponent,,true,false,true,false,,,PROD-498531761,Bundle,,PCG-PROD-498531761-STD,Bundle to Bundle Component Relationship,1,Proportional,Always,,
;PROD-860612882;PROD-1160394163;PCG-PROD-1160394163-STD;Bundle to Bundle Component Relationship,PROD-860612882,,BundleComponent,,true,false,true,false,,,PROD-1160394163,Bundle,,PCG-PROD-1160394163-STD,Bundle to Bundle Component Relationship,1,Proportional,Always,,
;PROD-86201530;PROD-781554326;PCG-PROD-781554326-STD;Bundle to Bundle Component Relationship,PROD-86201530,,BundleComponent,,true,false,true,false,,,PROD-781554326,Bundle,,PCG-PROD-781554326-STD,Bundle to Bundle Component Relationship,1,Proportional,Always,,
;PROD-890173745;PROD-1593141905;PCG-PROD-1593141905-STD;Bundle to Bundle Component Relationship,PROD-890173745,,BundleComponent,,true,false,true,false,,,PROD-1593141905,Bundle,,PCG-PROD-1593141905-STD,Bundle to Bundle Component Relationship,1,Proportional,Always,,
;PROD-915112779;PROD-6630506;PCG-PROD-6630506-STD;Bundle to Bundle Component Relationship,PROD-915112779,,BundleComponent,,true,false,true,false,,,PROD-6630506,Bundle,,PCG-PROD-6630506-STD,Bundle to Bundle Component Relationship,1,Proportional,Always,,
;PROD-942049373;PROD-1766568232;PCG-PROD-1766568232-STD;Bundle to Bundle Component Relationship,PROD-942049373,,BundleComponent,,true,false,true,false,,,PROD-1766568232,Bundle,,PCG-PROD-1766568232-STD,Bundle to Bundle Component Relationship,1,Proportional,Always,,
;PROD-950775878;PROD-1563341377;PCG-PROD-1563341377-STD;Bundle to Bundle Component Relationship,PROD-950775878,,BundleComponent,,true,false,true,false,,,PROD-1563341377,Bundle,,PCG-PROD-1563341377-STD,Bundle to Bundle Component Relationship,1,Proportional,Always,,
;PROD-9614201;PROD-1427074895;PCG-PROD-1427074895-STD;Bundle to Bundle Component Relationship,PROD-9614201,,BundleComponent,,true,false,true,false,,,PROD-1427074895,Bundle,,PCG-PROD-1427074895-STD,Bundle to Bundle Component Relationship,1,Proportional,Always,,
;PROD-961586782;PROD-1289692484;PCG-PROD-1289692484-STD;Bundle to Bundle Component Relationship,PROD-961586782,,BundleComponent,,true,false,true,false,,,PROD-1289692484,Bundle,,PCG-PROD-1289692484-STD,Bundle to Bundle Component Relationship,1,Proportional,Always,,
;PROD-970871438;PROD-409095263;PCG-PROD-409095263-STD;Bundle to Bundle Component Relationship,PROD-970871438,,BundleComponent,,true,false,true,false,,,PROD-409095263,Bundle,,PCG-PROD-409095263-STD,Bundle to Bundle Component Relationship,1,Proportional,Always,,
;PROD-988309468;PROD-1977133047;PCG-PROD-1977133047-STD;Bundle to Bundle Component Relationship,PROD-988309468,,BundleComponent,,true,false,true,false,,,PROD-1977133047,Bundle,,PCG-PROD-1977133047-STD,Bundle to Bundle Component Relationship,1,Proportional,Always,,
;PROD-990828007;PROD-2116311267;PCG-PROD-2116311267-STD;Bundle to Bundle Component Relationship,PROD-990828007,,BundleComponent,,true,false,true,false,,,PROD-2116311267,Bundle,,PCG-PROD-2116311267-STD,Bundle to Bundle Component Relationship,1,Proportional,Always,,
