$$Product2.StockKeepingUnit$ProductSellingModel.Name$ProductSellingModel.SellingModelType,IsDefault,Product2.StockKeepingUnit,ProductSellingModel.$$Name$SellingModelType,ProrationPolicy.Name
QB-API;Evergreen Monthly;Evergreen,false,QB-API,Evergreen Monthly;Evergreen,Default Proration Policy
QB-API;Term Annual;TermDefined,true,QB-API,Term Annual;TermDefined,Default Proration Policy
QB-API;Term Monthly;TermDefined,false,QB-API,Term Monthly;TermDefined,Default Proration Policy
QB-API-FLEX;Term Annual;TermDefined,true,QB-API-FLEX,Term Annual;TermDefined,Default Proration Policy
QB-API-GOVT;Term Annual;TermDefined,true,QB-API-GOVT,Term Annual;TermDefined,Default Proration Policy
QB-API-MGMT;Evergreen Monthly;Evergreen,false,QB-API-MGMT,Evergreen Monthly;Evergreen,Default Proration Policy
QB-API-MGMT;Term Annual;TermDefined,true,QB-API-MGMT,Term Annual;TermDefined,Default Proration Policy
QB-API-MGMT;Term Monthly;TermDefined,false,QB-API-MGMT,Term Monthly;TermDefined,Default Proration Policy
QB-API-PREP;Term Annual;TermDefined,true,QB-API-PREP,Term Annual;TermDefined,Default Proration Policy
QB-API-PROD;Term Annual;TermDefined,true,QB-API-PROD,Term Annual;TermDefined,Default Proration Policy
QB-API-REQT;Evergreen Monthly;Evergreen,false,QB-API-REQT,Evergreen Monthly;Evergreen,Default Proration Policy
QB-API-REQT;Term Annual;TermDefined,true,QB-API-REQT,Term Annual;TermDefined,Default Proration Policy
QB-API-REQT;Term Monthly;TermDefined,false,QB-API-REQT,Term Monthly;TermDefined,Default Proration Policy
QB-AUT-CRED;Evergreen Monthly;Evergreen,false,QB-AUT-CRED,Evergreen Monthly;Evergreen,Default Proration Policy
QB-AUT-CRED;Term Annual;TermDefined,true,QB-AUT-CRED,Term Annual;TermDefined,Default Proration Policy
QB-AUT-CRED;Term Monthly;TermDefined,false,QB-AUT-CRED,Term Monthly;TermDefined,Default Proration Policy
QB-BDL-R750;One-Time;OneTime,true,QB-BDL-R750,One-Time;OneTime,
QB-BDL-SRVC;One-Time;OneTime,true,QB-BDL-SRVC,One-Time;OneTime,
QB-BDL-STND;One-Time;OneTime,true,QB-BDL-STND,One-Time;OneTime,
QB-BET X710SFP;One-Time;OneTime,true,QB-BET X710SFP,One-Time;OneTime,
QB-CBOOST-150;One-Time;OneTime,true,QB-CBOOST-150,One-Time;OneTime,
QB-CMPC-5882;One-Time;OneTime,true,QB-CMPC-5882,One-Time;OneTime,
QB-CMPC-5887;One-Time;OneTime,true,QB-CMPC-5887,One-Time;OneTime,
QB-CMT-TKN-EACH;Term Annual;TermDefined,true,QB-CMT-TKN-EACH,Term Annual;TermDefined,Default Proration Policy
QB-CMT-TKN-FLAT;Term Annual;TermDefined,true,QB-CMT-TKN-FLAT,Term Annual;TermDefined,Default Proration Policy
QB-CMT-TKN-BND;Term Annual;TermDefined,true,QB-CMT-TKN-BND,Term Annual;TermDefined,Default Proration Policy
QB-CMT-TKN-TIER;Term Annual;TermDefined,true,QB-CMT-TKN-TIER,Term Annual;TermDefined,Default Proration Policy
QB-COMPLETE;Evergreen Monthly;Evergreen,false,QB-COMPLETE,Evergreen Monthly;Evergreen,Default Proration Policy
QB-COMPLETE;One-Time;OneTime,false,QB-COMPLETE,One-Time;OneTime,
QB-COMPLETE;Term Annual;TermDefined,true,QB-COMPLETE,Term Annual;TermDefined,Default Proration Policy
QB-COMPLETE;Term Monthly;TermDefined,false,QB-COMPLETE,Term Monthly;TermDefined,Default Proration Policy
QB-CPU-HEATSINK;One-Time;OneTime,true,QB-CPU-HEATSINK,One-Time;OneTime,
QB-CS;Term Annual;TermDefined,true,QB-CS,Term Annual;TermDefined,Default Proration Policy
QB-CS;Term Monthly;TermDefined,false,QB-CS,Term Monthly;TermDefined,Default Proration Policy
QB-DAT-GRPH;Term Annual;TermDefined,true,QB-DAT-GRPH,Term Annual;TermDefined,Default Proration Policy
QB-DAT-THPT;Evergreen Monthly;Evergreen,false,QB-DAT-THPT,Evergreen Monthly;Evergreen,Default Proration Policy
QB-DAT-THPT;Term Annual;TermDefined,true,QB-DAT-THPT,Term Annual;TermDefined,Default Proration Policy
QB-DAT-THPT;Term Monthly;TermDefined,false,QB-DAT-THPT,Term Monthly;TermDefined,Default Proration Policy
QB-DB;Term Annual;TermDefined,true,QB-DB,Term Annual;TermDefined,Default Proration Policy
QB-DB-TOKEN;Term Annual;TermDefined,true,QB-DB-TOKEN,Term Annual;TermDefined,Default Proration Policy
QB-FLO-STRT;Evergreen Monthly;Evergreen,false,QB-FLO-STRT,Evergreen Monthly;Evergreen,Default Proration Policy
QB-FLO-STRT;Term Annual;TermDefined,true,QB-FLO-STRT,Term Annual;TermDefined,Default Proration Policy
QB-FLO-STRT;Term Monthly;TermDefined,false,QB-FLO-STRT,Term Monthly;TermDefined,Default Proration Policy
QB-GEN-AI-LIC;Term Annual;TermDefined,true,QB-GEN-AI-LIC,Term Annual;TermDefined,Default Proration Policy
QB-HD 1.2TB;One-Time;OneTime,true,QB-HD 1.2TB,One-Time;OneTime,
QB-HD 1TB;One-Time;OneTime,true,QB-HD 1TB,One-Time;OneTime,
QB-HD 20TB;One-Time;OneTime,true,QB-HD 20TB,One-Time;OneTime,
QB-HD 3TB;One-Time;OneTime,true,QB-HD 3TB,One-Time;OneTime,
QB-HD 4TB;One-Time;OneTime,true,QB-HD 4TB,One-Time;OneTime,
QB-HD 8TB;One-Time;OneTime,true,QB-HD 8TB,One-Time;OneTime,
QB-HD 8TBSE;One-Time;OneTime,true,QB-HD 8TBSE,One-Time;OneTime,
QB-INTEL E5-2609;One-Time;OneTime,true,QB-INTEL E5-2609,One-Time;OneTime,
QB-INTEL E5-2660;One-Time;OneTime,true,QB-INTEL E5-2660,One-Time;OneTime,
QB-INTEL E5-2667;One-Time;OneTime,true,QB-INTEL E5-2667,One-Time;OneTime,
QB-INTEL E5-2683;One-Time;OneTime,true,QB-INTEL E5-2683,One-Time;OneTime,
QB-INTEL-GOLD-5318N;One-Time;OneTime,true,QB-INTEL-GOLD-5318N,One-Time;OneTime,
QB-INTEL-GOLD-6330N;One-Time;OneTime,true,QB-INTEL-GOLD-6330N,One-Time;OneTime,
QB-INTEL-GOLD-6354;One-Time;OneTime,true,QB-INTEL-GOLD-6354,One-Time;OneTime,
QB-INTEL-PLAT-8352M;One-Time;OneTime,true,QB-INTEL-PLAT-8352M,One-Time;OneTime,
QB-INTEL-PLAT-8352Y;One-Time;OneTime,true,QB-INTEL-PLAT-8352Y,One-Time;OneTime,
QB-INTEL-PLAT-8360Y;One-Time;OneTime,true,QB-INTEL-PLAT-8360Y,One-Time;OneTime,
QB-INTEL-PLAT-8368;One-Time;OneTime,true,QB-INTEL-PLAT-8368,One-Time;OneTime,
QB-LIC-CLOUD;Term Annual;TermDefined,true,QB-LIC-CLOUD,Term Annual;TermDefined,Default Proration Policy
QB-LIC-CLOUD;Term Monthly;TermDefined,false,QB-LIC-CLOUD,Term Monthly;TermDefined,Default Proration Policy
QB-LIQUIDCOOL;One-Time;OneTime,true,QB-LIQUIDCOOL,One-Time;OneTime,
QB-MEM 128GB;One-Time;OneTime,true,QB-MEM 128GB,One-Time;OneTime,
QB-MEM 16GB;One-Time;OneTime,true,QB-MEM 16GB,One-Time;OneTime,
QB-MEM 32GB;One-Time;OneTime,true,QB-MEM 32GB,One-Time;OneTime,
QB-MEM 64GB;One-Time;OneTime,true,QB-MEM 64GB,One-Time;OneTime,
QB-MEM 8GB;One-Time;OneTime,true,QB-MEM 8GB,One-Time;OneTime,
QB-MSG-STRT;Evergreen Monthly;Evergreen,false,QB-MSG-STRT,Evergreen Monthly;Evergreen,Default Proration Policy
QB-MSG-STRT;Term Annual;TermDefined,true,QB-MSG-STRT,Term Annual;TermDefined,Default Proration Policy
QB-MSG-STRT;Term Monthly;TermDefined,false,QB-MSG-STRT,Term Monthly;TermDefined,Default Proration Policy
QB-MTY-CMT;Term Annual;TermDefined,true,QB-MTY-CMT,Term Annual;TermDefined,Default Proration Policy
QB-NET X710;One-Time;OneTime,true,QB-NET X710,One-Time;OneTime,
QB-NET-100G-ULTRA;One-Time;OneTime,true,QB-NET-100G-ULTRA,One-Time;OneTime,
QB-NET-10G;One-Time;OneTime,true,QB-NET-10G,One-Time;OneTime,
QB-NET-25G;One-Time;OneTime,true,QB-NET-25G,One-Time;OneTime,
QB-NETSECURE-10G;One-Time;OneTime,true,QB-NETSECURE-10G,One-Time;OneTime,
QB-NovaX150;One-Time;OneTime,true,QB-NovaX150,One-Time;OneTime,
QB-NVExpand-200;One-Time;OneTime,true,QB-NVExpand-200,One-Time;OneTime,
QB-PWRCORE-1600S;One-Time;OneTime,true,QB-PWRCORE-1600S,One-Time;OneTime,
QB-PWRCORE-500S;One-Time;OneTime,true,QB-PWRCORE-500S,One-Time;OneTime,
QB-PWRCORE-800S;One-Time;OneTime,true,QB-PWRCORE-800S,One-Time;OneTime,
QB-PWRSAFE-1000D;One-Time;OneTime,true,QB-PWRSAFE-1000D,One-Time;OneTime,
QB-PWRSAFE-2000D;One-Time;OneTime,true,QB-PWRSAFE-2000D,One-Time;OneTime,
QB-PWRSAFE-600D;One-Time;OneTime,true,QB-PWRSAFE-600D,One-Time;OneTime,
QB-QRack-750;One-Time;OneTime,true,QB-QRack-750,One-Time;OneTime,
QB-QTY-CMT;Term Annual;TermDefined,true,QB-QTY-CMT,Term Annual;TermDefined,Default Proration Policy
QB-RAID-500;One-Time;OneTime,true,QB-RAID-500,One-Time;OneTime,
QB-SRV-DNE;One-Time;OneTime,true,QB-SRV-DNE,One-Time;OneTime,
QB-SRV-IMP;One-Time;OneTime,true,QB-SRV-IMP,One-Time;OneTime,
QB-SRV-ISE;One-Time;OneTime,true,QB-SRV-ISE,One-Time;OneTime,
QB-SRV-MEE;One-Time;OneTime,true,QB-SRV-MEE,One-Time;OneTime,
QB-SRV-OG-PSH;One-Time;OneTime,true,QB-SRV-OG-PSH,One-Time;OneTime,
QB-SRV-PD;One-Time;OneTime,true,QB-SRV-PD,One-Time;OneTime,
QB-SRV-PMN;One-Time;OneTime,true,QB-SRV-PMN,One-Time;OneTime,
QB-SRV-QAE;One-Time;OneTime,true,QB-SRV-QAE,One-Time;OneTime,
QB-SRV-SAT;One-Time;OneTime,true,QB-SRV-SAT,One-Time;OneTime,
QB-SRV-SOW;One-Time;OneTime,true,QB-SRV-SOW,One-Time;OneTime,
QB-SSD 16TB;One-Time;OneTime,true,QB-SSD 16TB,One-Time;OneTime,
QB-SSD 2TB;One-Time;OneTime,true,QB-SSD 2TB,One-Time;OneTime,
QB-SSD 30TB;One-Time;OneTime,true,QB-SSD 30TB,One-Time;OneTime,
QB-SSD 4TB;One-Time;OneTime,true,QB-SSD 4TB,One-Time;OneTime,
QB-SSD 8TB;One-Time;OneTime,true,QB-SSD 8TB,One-Time;OneTime,
QB-SUPP-1000;Term Annual;TermDefined,true,QB-SUPP-1000,Term Annual;TermDefined,Default Proration Policy
QB-SUPP-1005;Term Annual;TermDefined,true,QB-SUPP-1005,Term Annual;TermDefined,Default Proration Policy
QB-SUPP-2000;Term Annual;TermDefined,true,QB-SUPP-2000,Term Annual;TermDefined,Default Proration Policy
QB-TOKENS-PACK;One-Time;OneTime,true,QB-TOKENS-PACK,One-Time;OneTime,
QB-TRN-ESSNTLS;One-Time;OneTime,true,QB-TRN-ESSNTLS,One-Time;OneTime,
QB-TRN-FUND;One-Time;OneTime,true,QB-TRN-FUND,One-Time;OneTime,
QB-VegaX200;One-Time;OneTime,true,QB-VegaX200,One-Time;OneTime,
TEST-SUB;Evergreen Annual;Evergreen,false,TEST-SUB,Evergreen Annual;Evergreen,Default Proration Policy
TEST-SUB;Evergreen Monthly;Evergreen,false,TEST-SUB,Evergreen Monthly;Evergreen,Default Proration Policy
TEST-SUB;Term Annual;TermDefined,true,TEST-SUB,Term Annual;TermDefined,Default Proration Policy
TEST-SUB;Term Monthly;TermDefined,false,TEST-SUB,Term Monthly;TermDefined,Default Proration Policy
PROD-1000281857;One-Time;OneTime,true,PROD-1000281857,One-Time;OneTime,
PROD-1002254785;One-Time;OneTime,true,PROD-1002254785,One-Time;OneTime,
PROD-1008704562;One-Time;OneTime,true,PROD-1008704562,One-Time;OneTime,
PROD-1038139044;One-Time;OneTime,true,PROD-1038139044,One-Time;OneTime,
PROD-1046989797;One-Time;OneTime,true,PROD-1046989797,One-Time;OneTime,
PROD-1054187061;One-Time;OneTime,true,PROD-1054187061,One-Time;OneTime,
PROD-1065068854;One-Time;OneTime,true,PROD-1065068854,One-Time;OneTime,
PROD-1066573967;One-Time;OneTime,true,PROD-1066573967,One-Time;OneTime,
PROD-1078575407;One-Time;OneTime,true,PROD-1078575407,One-Time;OneTime,
PROD-111239623;One-Time;OneTime,true,PROD-111239623,One-Time;OneTime,
PROD-1128940216;One-Time;OneTime,true,PROD-1128940216,One-Time;OneTime,
PROD-1153963439;One-Time;OneTime,true,PROD-1153963439,One-Time;OneTime,
PROD-1160394163;One-Time;OneTime,true,PROD-1160394163,One-Time;OneTime,
PROD-1167731127;One-Time;OneTime,true,PROD-1167731127,One-Time;OneTime,
PROD-1176699896;One-Time;OneTime,true,PROD-1176699896,One-Time;OneTime,
PROD-1202444971;One-Time;OneTime,true,PROD-1202444971,One-Time;OneTime,
PROD-1223537488;One-Time;OneTime,true,PROD-1223537488,One-Time;OneTime,
PROD-1232611253;One-Time;OneTime,true,PROD-1232611253,One-Time;OneTime,
PROD-1234105735;One-Time;OneTime,true,PROD-1234105735,One-Time;OneTime,
PROD-1247640563;One-Time;OneTime,true,PROD-1247640563,One-Time;OneTime,
PROD-1249967782;One-Time;OneTime,true,PROD-1249967782,One-Time;OneTime,
PROD-1289692484;One-Time;OneTime,true,PROD-1289692484,One-Time;OneTime,
PROD-1298719794;One-Time;OneTime,true,PROD-1298719794,One-Time;OneTime,
PROD-1302496369;One-Time;OneTime,true,PROD-1302496369,One-Time;OneTime,
PROD-1310694555;One-Time;OneTime,true,PROD-1310694555,One-Time;OneTime,
PROD-1324161108;One-Time;OneTime,true,PROD-1324161108,One-Time;OneTime,
PROD-1361853679;One-Time;OneTime,true,PROD-1361853679,One-Time;OneTime,
PROD-1380327064;One-Time;OneTime,true,PROD-1380327064,One-Time;OneTime,
PROD-1427074895;One-Time;OneTime,true,PROD-1427074895,One-Time;OneTime,
PROD-1448587501;One-Time;OneTime,true,PROD-1448587501,One-Time;OneTime,
PROD-1472536093;One-Time;OneTime,true,PROD-1472536093,One-Time;OneTime,
PROD-148835828;One-Time;OneTime,true,PROD-148835828,One-Time;OneTime,
PROD-1491788725;One-Time;OneTime,true,PROD-1491788725,One-Time;OneTime,
PROD-1511371870;One-Time;OneTime,true,PROD-1511371870,One-Time;OneTime,
PROD-1514472773;One-Time;OneTime,true,PROD-1514472773,One-Time;OneTime,
PROD-1517433427;One-Time;OneTime,true,PROD-1517433427,One-Time;OneTime,
PROD-1533783581;One-Time;OneTime,true,PROD-1533783581,One-Time;OneTime,
PROD-1536519560;One-Time;OneTime,true,PROD-1536519560,One-Time;OneTime,
PROD-1547313492;One-Time;OneTime,true,PROD-1547313492,One-Time;OneTime,
PROD-1559036382;One-Time;OneTime,true,PROD-1559036382,One-Time;OneTime,
PROD-1563124993;One-Time;OneTime,true,PROD-1563124993,One-Time;OneTime,
PROD-1563341377;One-Time;OneTime,true,PROD-1563341377,One-Time;OneTime,
PROD-1574258426;One-Time;OneTime,true,PROD-1574258426,One-Time;OneTime,
PROD-1576658789;One-Time;OneTime,true,PROD-1576658789,One-Time;OneTime,
PROD-1593141905;One-Time;OneTime,true,PROD-1593141905,One-Time;OneTime,
PROD-159863330;One-Time;OneTime,true,PROD-159863330,One-Time;OneTime,
PROD-1603627899;One-Time;OneTime,true,PROD-1603627899,One-Time;OneTime,
PROD-1607828377;One-Time;OneTime,true,PROD-1607828377,One-Time;OneTime,
PROD-1609709205;One-Time;OneTime,true,PROD-1609709205,One-Time;OneTime,
PROD-1616292046;One-Time;OneTime,true,PROD-1616292046,One-Time;OneTime,
PROD-1673140239;One-Time;OneTime,true,PROD-1673140239,One-Time;OneTime,
PROD-1704766065;One-Time;OneTime,true,PROD-1704766065,One-Time;OneTime,
PROD-1744092313;One-Time;OneTime,true,PROD-1744092313,One-Time;OneTime,
PROD-1766568232;One-Time;OneTime,true,PROD-1766568232,One-Time;OneTime,
PROD-1768772247;One-Time;OneTime,true,PROD-1768772247,One-Time;OneTime,
PROD-1776230868;One-Time;OneTime,true,PROD-1776230868,One-Time;OneTime,
PROD-1795624702;One-Time;OneTime,true,PROD-1795624702,One-Time;OneTime,
PROD-1803530052;One-Time;OneTime,true,PROD-1803530052,One-Time;OneTime,
PROD-1809409779;One-Time;OneTime,true,PROD-1809409779,One-Time;OneTime,
PROD-186801522;One-Time;OneTime,true,PROD-186801522,One-Time;OneTime,
PROD-1878093187;One-Time;OneTime,true,PROD-1878093187,One-Time;OneTime,
PROD-188088183;One-Time;OneTime,true,PROD-188088183,One-Time;OneTime,
PROD-1897393325;One-Time;OneTime,true,PROD-1897393325,One-Time;OneTime,
PROD-1917148511;One-Time;OneTime,true,PROD-1917148511,One-Time;OneTime,
PROD-192607526;One-Time;OneTime,true,PROD-192607526,One-Time;OneTime,
PROD-1939884557;One-Time;OneTime,true,PROD-1939884557,One-Time;OneTime,
PROD-1941355444;One-Time;OneTime,true,PROD-1941355444,One-Time;OneTime,
PROD-1956857281;One-Time;OneTime,true,PROD-1956857281,One-Time;OneTime,
PROD-1977133047;One-Time;OneTime,true,PROD-1977133047,One-Time;OneTime,
PROD-2001013682;One-Time;OneTime,true,PROD-2001013682,One-Time;OneTime,
PROD-2003786421;One-Time;OneTime,true,PROD-2003786421,One-Time;OneTime,
PROD-2004313496;One-Time;OneTime,true,PROD-2004313496,One-Time;OneTime,
PROD-2006854732;One-Time;OneTime,true,PROD-2006854732,One-Time;OneTime,
PROD-2035320005;One-Time;OneTime,true,PROD-2035320005,One-Time;OneTime,
PROD-204534203;One-Time;OneTime,true,PROD-204534203,One-Time;OneTime,
PROD-2058355083;One-Time;OneTime,true,PROD-2058355083,One-Time;OneTime,
PROD-2059567741;One-Time;OneTime,true,PROD-2059567741,One-Time;OneTime,
PROD-2063526037;One-Time;OneTime,true,PROD-2063526037,One-Time;OneTime,
PROD-2108848830;One-Time;OneTime,true,PROD-2108848830,One-Time;OneTime,
PROD-2115474628;One-Time;OneTime,true,PROD-2115474628,One-Time;OneTime,
PROD-2116311267;One-Time;OneTime,true,PROD-2116311267,One-Time;OneTime,
PROD-217263495;One-Time;OneTime,true,PROD-217263495,One-Time;OneTime,
PROD-217937560;One-Time;OneTime,true,PROD-217937560,One-Time;OneTime,
PROD-275930088;One-Time;OneTime,true,PROD-275930088,One-Time;OneTime,
PROD-279707357;One-Time;OneTime,true,PROD-279707357,One-Time;OneTime,
PROD-293991009;One-Time;OneTime,true,PROD-293991009,One-Time;OneTime,
PROD-310172567;One-Time;OneTime,true,PROD-310172567,One-Time;OneTime,
PROD-322363365;One-Time;OneTime,true,PROD-322363365,One-Time;OneTime,
PROD-337489460;One-Time;OneTime,true,PROD-337489460,One-Time;OneTime,
PROD-356310368;One-Time;OneTime,true,PROD-356310368,One-Time;OneTime,
PROD-362281425;One-Time;OneTime,true,PROD-362281425,One-Time;OneTime,
PROD-384361183;One-Time;OneTime,true,PROD-384361183,One-Time;OneTime,
PROD-384933134;One-Time;OneTime,true,PROD-384933134,One-Time;OneTime,
PROD-387008033;One-Time;OneTime,true,PROD-387008033,One-Time;OneTime,
PROD-398656864;One-Time;OneTime,true,PROD-398656864,One-Time;OneTime,
PROD-406950016;One-Time;OneTime,true,PROD-406950016,One-Time;OneTime,
PROD-409095263;One-Time;OneTime,true,PROD-409095263,One-Time;OneTime,
PROD-410431707;One-Time;OneTime,true,PROD-410431707,One-Time;OneTime,
PROD-416568204;One-Time;OneTime,true,PROD-416568204,One-Time;OneTime,
PROD-44164144;One-Time;OneTime,true,PROD-44164144,One-Time;OneTime,
PROD-448734868;One-Time;OneTime,true,PROD-448734868,One-Time;OneTime,
PROD-455868158;One-Time;OneTime,true,PROD-455868158,One-Time;OneTime,
PROD-460189389;One-Time;OneTime,true,PROD-460189389,One-Time;OneTime,
PROD-462218852;One-Time;OneTime,true,PROD-462218852,One-Time;OneTime,
PROD-490571009;One-Time;OneTime,true,PROD-490571009,One-Time;OneTime,
PROD-498531761;One-Time;OneTime,true,PROD-498531761,One-Time;OneTime,
PROD-518530525;One-Time;OneTime,true,PROD-518530525,One-Time;OneTime,
PROD-518677116;One-Time;OneTime,true,PROD-518677116,One-Time;OneTime,
PROD-522303157;One-Time;OneTime,true,PROD-522303157,One-Time;OneTime,
PROD-536938805;One-Time;OneTime,true,PROD-536938805,One-Time;OneTime,
PROD-544673184;One-Time;OneTime,true,PROD-544673184,One-Time;OneTime,
PROD-545409999;One-Time;OneTime,true,PROD-545409999,One-Time;OneTime,
PROD-550606303;One-Time;OneTime,true,PROD-550606303,One-Time;OneTime,
PROD-557364787;One-Time;OneTime,true,PROD-557364787,One-Time;OneTime,
PROD-597705628;One-Time;OneTime,true,PROD-597705628,One-Time;OneTime,
PROD-604480020;One-Time;OneTime,true,PROD-604480020,One-Time;OneTime,
PROD-617615202;One-Time;OneTime,true,PROD-617615202,One-Time;OneTime,
PROD-630065671;One-Time;OneTime,true,PROD-630065671,One-Time;OneTime,
PROD-630070740;One-Time;OneTime,true,PROD-630070740,One-Time;OneTime,
PROD-65259457;One-Time;OneTime,true,PROD-65259457,One-Time;OneTime,
PROD-657569692;One-Time;OneTime,true,PROD-657569692,One-Time;OneTime,
PROD-6630506;One-Time;OneTime,true,PROD-6630506,One-Time;OneTime,
PROD-670848332;One-Time;OneTime,true,PROD-670848332,One-Time;OneTime,
PROD-683520187;One-Time;OneTime,true,PROD-683520187,One-Time;OneTime,
PROD-689623762;One-Time;OneTime,true,PROD-689623762,One-Time;OneTime,
PROD-697645794;One-Time;OneTime,true,PROD-697645794,One-Time;OneTime,
PROD-711527748;One-Time;OneTime,true,PROD-711527748,One-Time;OneTime,
PROD-720237395;One-Time;OneTime,true,PROD-720237395,One-Time;OneTime,
PROD-755090702;One-Time;OneTime,true,PROD-755090702,One-Time;OneTime,
PROD-764576755;One-Time;OneTime,true,PROD-764576755,One-Time;OneTime,
PROD-775691186;One-Time;OneTime,true,PROD-775691186,One-Time;OneTime,
PROD-77740090;One-Time;OneTime,true,PROD-77740090,One-Time;OneTime,
PROD-781554326;One-Time;OneTime,true,PROD-781554326,One-Time;OneTime,
PROD-784779396;One-Time;OneTime,true,PROD-784779396,One-Time;OneTime,
PROD-789058761;One-Time;OneTime,true,PROD-789058761,One-Time;OneTime,
PROD-795190764;One-Time;OneTime,true,PROD-795190764,One-Time;OneTime,
PROD-799314932;One-Time;OneTime,true,PROD-799314932,One-Time;OneTime,
PROD-828674135;One-Time;OneTime,true,PROD-828674135,One-Time;OneTime,
PROD-84107093;One-Time;OneTime,true,PROD-84107093,One-Time;OneTime,
PROD-844684431;One-Time;OneTime,true,PROD-844684431,One-Time;OneTime,
PROD-860612882;One-Time;OneTime,true,PROD-860612882,One-Time;OneTime,
PROD-86201530;One-Time;OneTime,true,PROD-86201530,One-Time;OneTime,
PROD-890173745;One-Time;OneTime,true,PROD-890173745,One-Time;OneTime,
PROD-915112779;One-Time;OneTime,true,PROD-915112779,One-Time;OneTime,
PROD-942049373;One-Time;OneTime,true,PROD-942049373,One-Time;OneTime,
PROD-950775878;One-Time;OneTime,true,PROD-950775878,One-Time;OneTime,
PROD-9614201;One-Time;OneTime,true,PROD-9614201,One-Time;OneTime,
PROD-961586782;One-Time;OneTime,true,PROD-961586782,One-Time;OneTime,
PROD-970871438;One-Time;OneTime,true,PROD-970871438,One-Time;OneTime,
PROD-988309468;One-Time;OneTime,true,PROD-988309468,One-Time;OneTime,
PROD-990828007;One-Time;OneTime,true,PROD-990828007,One-Time;OneTime,
