BillingPolicy.Name,StockKeepingUnit
Billing Policy - Advance,QB-AEH-BILL
Billing Policy - Advance,QB-AEH-CPU
Billing Policy - Advance,QB-AEH-ENV
Billing Policy - Advance,QB-AEH-OBJ
Billing Policy - Advance,QB-AEH-OR
Billing Policy - Advance,QB-API
Billing Policy - Advance,QB-API-CALLS
Billing Policy - Advance,QB-API-FLEX
Billing Policy - Advance,QB-API-GOVT
Billing Policy - Advance,QB-API-MGMT
Billing Policy - Advance,QB-API-PREP
Billing Policy - Advance,QB-API-PROD
Billing Policy - Advance,QB-API-REQT
Billing Policy - Advance,QB-AUT-CRED
Billing Policy - Advance,QB-BDL-CRTL
Billing Policy - Advance,QB-BDL-ENTR
Billing Policy - Advance,QB-BDL-R750
Billing Policy - Advance,QB-BDL-RAXS
Billing Policy - Advance,QB-BDL-SRVC
Billing Policy - Advance,QB-BDL-STND
Billing Policy - Advance,QB-BET X710SFP
Billing Policy - Advance,QB-BMX-1050
Billing Policy - Advance,QB-BMX-1051
Billing Policy - Advance,QB-BMX-1053
Billing Policy - Advance,QB-BSSA-4298
Billing Policy - Advance,QB-BSSA-4300
Billing Policy - Advance,QB-BSSA-4302
Billing Policy - Advance,QB-BSSA-4303
Billing Policy - Advance,QB-BSSA-4304
Billing Policy - Advance,QB-BSSA-4306
Billing Policy - Advance,QB-BSSA-4308
Billing Policy - Advance,QB-CBOOST-150
Billing Policy - Advance,QB-CMPC-5881
Billing Policy - Advance,QB-CMPC-5882
Billing Policy - Advance,QB-CMPC-5883
Billing Policy - Advance,QB-CMPC-5884
Billing Policy - Advance,QB-CMPC-5887
Billing Policy - Advance,QB-CMPC-5888
Billing Policy - Advance,QB-CMPC-5889
Billing Policy - Advance,QB-CMPC-5890
Billing Policy - Advance,QB-CMPC-5891
Billing Policy - Advance,QB-CMPC-5892
Billing Policy - Advance,QB-CMT-TKN-EACH
Billing Policy - Advance,QB-CMT-TKN-FLAT
Billing Policy - Advance,QB-CMT-TKN-BND
Billing Policy - Advance,QB-CMT-TKN-TIER
Billing Policy - Advance,QB-COMPLETE
Billing Policy - Arrears,QB-CPU-BLNG
Billing Policy - Advance,QB-CPU-HEATSINK
Billing Policy - Advance,QB-CS
Billing Policy - Advance,QB-DAT-GRPH
Billing Policy - Advance,QB-DAT-THPT
Billing Policy - Arrears,QB-DATA-STORAGE-BLNG
Billing Policy - Arrears,QB-DATA-THPT-BLNG
Billing Policy - Advance,QB-DB
Billing Policy - Advance,QB-DB-TOKEN
#N/A,QB-DRO-AACR
#N/A,QB-DRO-AAPI
#N/A,QB-DRO-AAQBC
#N/A,QB-DRO-AEH
#N/A,QB-DRO-AFBQ
#N/A,QB-DRO-AM
#N/A,QB-DRO-APIPLAT
#N/A,QB-DRO-BILL
#N/A,QB-DRO-BILLING
#N/A,QB-DRO-LICACT
#N/A,QB-DRO-OR
#N/A,QB-DRO-PERMS
#N/A,QB-DRO-PROJ
#N/A,QB-DRO-PROVISION
#N/A,QB-DRO-QBD
Billing Policy - Advance,QB-FLO-ENTR
Billing Policy - Advance,QB-FLO-STRT
Billing Policy - Advance,QB-GEN-AI-LIC
Billing Policy - Advance,QB-HD 1.2TB
Billing Policy - Advance,QB-HD 1TB
Billing Policy - Advance,QB-HD 20TB
Billing Policy - Advance,QB-HD 3TB
Billing Policy - Advance,QB-HD 4TB
Billing Policy - Advance,QB-HD 8TB
Billing Policy - Advance,QB-HD 8TBSE
Billing Policy - Advance,QB-INST-1000
Billing Policy - Advance,QB-INTEL E5-2609
Billing Policy - Advance,QB-INTEL E5-2660
Billing Policy - Advance,QB-INTEL E5-2667
Billing Policy - Advance,QB-INTEL E5-2683
Billing Policy - Advance,QB-INTEL-GOLD-5318N
Billing Policy - Advance,QB-INTEL-GOLD-6330N
Billing Policy - Advance,QB-INTEL-GOLD-6354
Billing Policy - Advance,QB-INTEL-PLAT-8352M
Billing Policy - Advance,QB-INTEL-PLAT-8352Y
Billing Policy - Advance,QB-INTEL-PLAT-8360Y
Billing Policy - Advance,QB-INTEL-PLAT-8368
Billing Policy - Advance,QB-LIC-CLOUD
Billing Policy - Advance,QB-LIQUIDCOOL
Billing Policy - Advance,QB-MEM 128GB
Billing Policy - Advance,QB-MEM 16GB
Billing Policy - Advance,QB-MEM 32GB
Billing Policy - Advance,QB-MEM 64GB
Billing Policy - Advance,QB-MEM 8GB
Billing Policy - Advance,QB-MSG-ENTR
Billing Policy - Advance,QB-MSG-STRT
Billing Policy - Advance,QB-MTY-CMT
Billing Policy - Advance,QB-NET X710
Billing Policy - Advance,QB-NET-100G-ULTRA
Billing Policy - Advance,QB-NET-10G
Billing Policy - Advance,QB-NET-25G
Billing Policy - Advance,QB-NETSECURE-10G
Billing Policy - Advance,QB-NO-OSYS
Billing Policy - Advance,QB-NVExpand-200
Billing Policy - Advance,QB-NovaX150
Billing Policy - Advance,QB-PDU-2022
Billing Policy - Advance,QB-PDU-2023
Billing Policy - Advance,QB-PDU-2024
Billing Policy - Advance,QB-PDU-2025
Billing Policy - Advance,QB-PDU-2026
Billing Policy - Advance,QB-PDU-2027
Billing Policy - Advance,QB-PDU-2028
Billing Policy - Advance,QB-PDU-2029
Billing Policy - Advance,QB-PWRCORE-1600S
Billing Policy - Advance,QB-PWRCORE-500S
Billing Policy - Advance,QB-PWRCORE-800S
Billing Policy - Advance,QB-PWRSAFE-1000D
Billing Policy - Advance,QB-PWRSAFE-2000D
Billing Policy - Advance,QB-PWRSAFE-600D
Billing Policy - Advance,QB-QRack-750
Billing Policy - Advance,QB-QTY-CMT
Billing Policy - Advance,QB-RAID-500
Billing Policy - Advance,QB-REDHAT
Billing Policy - Advance,QB-SRV-AS
Billing Policy - Advance,QB-SRV-DNE
Billing Policy - Advance,QB-SRV-IMP
Billing Policy - Advance,QB-SRV-ISE
Billing Policy - Advance,QB-SRV-MEE
Billing Policy - Advance,QB-SRV-OG-AC-PSH
Billing Policy - Advance,QB-SRV-OG-PM-PSH
Billing Policy - Advance,QB-SRV-OG-PSH
Billing Policy - Advance,QB-SRV-OG-PSHC
Billing Policy - Advance,QB-SRV-PD
Billing Policy - Advance,QB-SRV-PMN
Billing Policy - Advance,QB-SRV-PRM-SP
Billing Policy - Advance,QB-SRV-QAE
Billing Policy - Advance,QB-SRV-QSE
Billing Policy - Advance,QB-SRV-SAT
Billing Policy - Advance,QB-SRV-SOW
Billing Policy - Advance,QB-SSD 16TB
Billing Policy - Advance,QB-SSD 2TB
Billing Policy - Advance,QB-SSD 30TB
Billing Policy - Advance,QB-SSD 4TB
Billing Policy - Advance,QB-SSD 8TB
Billing Policy - Advance,QB-STD-SP
Billing Policy - Advance,QB-SUPP-1000
Billing Policy - Advance,QB-SUPP-1005
Billing Policy - Advance,QB-SUPP-2000
Billing Policy - Arrears,QB-TOKEN-DEF
Billing Policy - Arrears,QB-TOKENS-PACK
Billing Policy - Advance,QB-TRN-ESSNTLS
Billing Policy - Advance,QB-TRN-FUND
Billing Policy - Advance,QB-VMW-D
Billing Policy - Advance,QB-VMW-E
Billing Policy - Advance,QB-VMW-S
Billing Policy - Advance,QB-VegaX200
Billing Policy - Arrears,9999999
Billing Policy - Advance,PROD-1000281857
Billing Policy - Advance,PROD-1002254785
Billing Policy - Advance,PROD-1008704562
Billing Policy - Advance,PROD-1038139044
Billing Policy - Advance,PROD-1046989797
Billing Policy - Advance,PROD-1054187061
Billing Policy - Advance,PROD-1065068854
Billing Policy - Advance,PROD-1066573967
Billing Policy - Advance,PROD-1078575407
Billing Policy - Advance,PROD-111239623
Billing Policy - Advance,PROD-1128940216
Billing Policy - Advance,PROD-1153963439
Billing Policy - Advance,PROD-1160394163
Billing Policy - Advance,PROD-1167731127
Billing Policy - Advance,PROD-1176699896
Billing Policy - Advance,PROD-1202444971
Billing Policy - Advance,PROD-1223537488
Billing Policy - Advance,PROD-1232611253
Billing Policy - Advance,PROD-1234105735
Billing Policy - Advance,PROD-1247640563
Billing Policy - Advance,PROD-1249967782
Billing Policy - Advance,PROD-1289692484
Billing Policy - Advance,PROD-1298719794
Billing Policy - Advance,PROD-1302496369
Billing Policy - Advance,PROD-1310694555
Billing Policy - Advance,PROD-1324161108
Billing Policy - Advance,PROD-1361853679
Billing Policy - Advance,PROD-1380327064
Billing Policy - Advance,PROD-1427074895
Billing Policy - Advance,PROD-1448587501
Billing Policy - Advance,PROD-1472536093
Billing Policy - Advance,PROD-148835828
Billing Policy - Advance,PROD-1491788725
Billing Policy - Advance,PROD-1511371870
Billing Policy - Advance,PROD-1514472773
Billing Policy - Advance,PROD-1517433427
Billing Policy - Advance,PROD-1533783581
Billing Policy - Advance,PROD-1536519560
Billing Policy - Advance,PROD-1547313492
Billing Policy - Advance,PROD-1559036382
Billing Policy - Advance,PROD-1563124993
Billing Policy - Advance,PROD-1563341377
Billing Policy - Advance,PROD-1574258426
Billing Policy - Advance,PROD-1576658789
Billing Policy - Advance,PROD-1593141905
Billing Policy - Advance,PROD-159863330
Billing Policy - Advance,PROD-1603627899
Billing Policy - Advance,PROD-1607828377
Billing Policy - Advance,PROD-1609709205
Billing Policy - Advance,PROD-1616292046
Billing Policy - Advance,PROD-1673140239
Billing Policy - Advance,PROD-1704766065
Billing Policy - Advance,PROD-1744092313
Billing Policy - Advance,PROD-1766568232
Billing Policy - Advance,PROD-1768772247
Billing Policy - Advance,PROD-1776230868
Billing Policy - Advance,PROD-1795624702
Billing Policy - Advance,PROD-1803530052
Billing Policy - Advance,PROD-1809409779
Billing Policy - Advance,PROD-186801522
Billing Policy - Advance,PROD-1878093187
Billing Policy - Advance,PROD-188088183
Billing Policy - Advance,PROD-1897393325
Billing Policy - Advance,PROD-1917148511
Billing Policy - Advance,PROD-192607526
Billing Policy - Advance,PROD-1939884557
Billing Policy - Advance,PROD-1941355444
Billing Policy - Advance,PROD-1956857281
Billing Policy - Advance,PROD-1977133047
Billing Policy - Advance,PROD-2001013682
Billing Policy - Advance,PROD-2003786421
Billing Policy - Advance,PROD-2004313496
Billing Policy - Advance,PROD-2006854732
Billing Policy - Advance,PROD-2035320005
Billing Policy - Advance,PROD-204534203
Billing Policy - Advance,PROD-2058355083
Billing Policy - Advance,PROD-2059567741
Billing Policy - Advance,PROD-2063526037
Billing Policy - Advance,PROD-2108848830
Billing Policy - Advance,PROD-2115474628
Billing Policy - Advance,PROD-2116311267
Billing Policy - Advance,PROD-217263495
Billing Policy - Advance,PROD-217937560
Billing Policy - Advance,PROD-275930088
Billing Policy - Advance,PROD-279707357
Billing Policy - Advance,PROD-293991009
Billing Policy - Advance,PROD-310172567
Billing Policy - Advance,PROD-322363365
Billing Policy - Advance,PROD-337489460
Billing Policy - Advance,PROD-356310368
Billing Policy - Advance,PROD-362281425
Billing Policy - Advance,PROD-384361183
Billing Policy - Advance,PROD-384933134
Billing Policy - Advance,PROD-387008033
Billing Policy - Advance,PROD-398656864
Billing Policy - Advance,PROD-406950016
Billing Policy - Advance,PROD-409095263
Billing Policy - Advance,PROD-410431707
Billing Policy - Advance,PROD-416568204
Billing Policy - Advance,PROD-44164144
Billing Policy - Advance,PROD-448734868
Billing Policy - Advance,PROD-455868158
Billing Policy - Advance,PROD-460189389
Billing Policy - Advance,PROD-462218852
Billing Policy - Advance,PROD-490571009
Billing Policy - Advance,PROD-498531761
Billing Policy - Advance,PROD-518530525
Billing Policy - Advance,PROD-518677116
Billing Policy - Advance,PROD-522303157
Billing Policy - Advance,PROD-536938805
Billing Policy - Advance,PROD-544673184
Billing Policy - Advance,PROD-545409999
Billing Policy - Advance,PROD-550606303
Billing Policy - Advance,PROD-557364787
Billing Policy - Advance,PROD-597705628
Billing Policy - Advance,PROD-604480020
Billing Policy - Advance,PROD-617615202
Billing Policy - Advance,PROD-630065671
Billing Policy - Advance,PROD-630070740
Billing Policy - Advance,PROD-65259457
Billing Policy - Advance,PROD-657569692
Billing Policy - Advance,PROD-6630506
Billing Policy - Advance,PROD-670848332
Billing Policy - Advance,PROD-683520187
Billing Policy - Advance,PROD-689623762
Billing Policy - Advance,PROD-697645794
Billing Policy - Advance,PROD-711527748
Billing Policy - Advance,PROD-720237395
Billing Policy - Advance,PROD-755090702
Billing Policy - Advance,PROD-764576755
Billing Policy - Advance,PROD-775691186
Billing Policy - Advance,PROD-77740090
Billing Policy - Advance,PROD-781554326
Billing Policy - Advance,PROD-784779396
Billing Policy - Advance,PROD-789058761
Billing Policy - Advance,PROD-795190764
Billing Policy - Advance,PROD-799314932
Billing Policy - Advance,PROD-828674135
Billing Policy - Advance,PROD-84107093
Billing Policy - Advance,PROD-844684431
Billing Policy - Advance,PROD-860612882
Billing Policy - Advance,PROD-86201530
Billing Policy - Advance,PROD-890173745
Billing Policy - Advance,PROD-915112779
Billing Policy - Advance,PROD-942049373
Billing Policy - Advance,PROD-950775878
Billing Policy - Advance,PROD-9614201
Billing Policy - Advance,PROD-961586782
Billing Policy - Advance,PROD-970871438
Billing Policy - Advance,PROD-988309468
Billing Policy - Advance,PROD-990828007
Billing Policy - Arrears,RES-USD-DEF
Billing Policy - Advance,TEST-SUB
