Id,Name
01tWt000009JQXtIAO,Additional API
01tWt000009JQXyIAO,API Access Requests (AEH)
01tWt000009JQXzIAO,Additional Automation QB Credits
01tWt000009JQY3IAO,QuantumBit Services Project
01tWt000009JQYJIA4,QuantumBit Complete Solution
01tWt000009JQYMIA4,QuantumBit Database
01tWt000009JQYaIAO,Professional Services Daily Rate
01tWt000009JQYbIAO,Professional Services Scope of Work
01tWt000009JQYeIAO,Software Maintenance
01tWt000009JQYfIAO,QuantumBit Essentials Training
01tWt000009JQYgIAO,QuantumBit Fundamentals Training
01tWt000009JQYoIAO,Data Normalization Expert
01tWt000009JQYpIAO,Implementation Engineer
01tWt000009JQYqIAO,Integration Specialist Engineer
01tWt000009JQYrIAO,Module Extension Engineer
01tWt000009JQYsIAO,Program Director
01tWt000009JQYtIAO,Project Manager
01tWt000009JQYuIAO,Quality Assurance Engineer
01tWt000009JQYvIAO,Solutions Architect
01tWt000009JQYwIAO,QB API Management Solution
01tWt000009JQYxIAO,Additional Flows - QB Starter
01tWt000009JQYyIAO,Additional Messages - QB Starter
01tWt000009DBTKNAA,QuantumBit Database (Token Based)
01tWt000009CMTEAAA,QuantumBit Database (Token Commit - Each)
01tWt000009CMTFAAA,QuantumBit Database (Token Commit - Flat)
01tWt000009CMTTAAA,QuantumBit Database (Token Commit - Tier)
01tWt000009MTYCMAA,QuantumBit Database (Monetary Commit)
01tWt000009QTYCMAA,QuantumBit Database (Quantity Commit)
01tIY00000253nKYAQ,Additional API Flex (100M)
01tIY00000253nLYAQ,Additional API Gov
01tIY00000253nkYAA,QuantumBit Collaboration Suite
01tIY00000253o3YAA,Gold Hardware Maintenance
01tWt000009CMTBAAA,QuantumBit Database (Token Commit - Bounded)
