DoesAutoRenewAssetByDefault,Name,PricingTerm,PricingTermUnit,SellingModelType,Status
false,Evergreen - Quarterly,1,Quarterly,Evergreen,Active
false,Evergreen - Semi-Annual,1,Semi-Annual,Evergreen,Active
false,Evergreen Annual,1,Annual,Evergreen,Active
false,Evergreen Monthly,1,Months,Evergreen,Active
false,One-Time,#N/A,#N/A,OneTime,Active
false,Term Annual,1,Annual,TermDefined,Active
false,Term Based - Quarterly,1,Quarterly,TermDefined,Active
false,Term Based - Semi-Annual,1,Semi-Annual,TermDefined,Active
false,Term Monthly,1,Months,TermDefined,Active
