$$Product2.StockKeepingUnit$ProductSellingModel.Name$ProductSellingModel.SellingModelType,IsDefault,Product2.StockKeepingUnit,ProductSellingModel.Name,ProrationPolicy.Name
0155-2341-10-FRD;One-Time;OneTime,true,0155-2341-10-FRD,One-Time,#N/A
0155-2342-10-FRD;One-Time;OneTime,true,0155-2342-10-FRD,One-Time,#N/A
0155-2696-07-FRD;One-Time;OneTime,true,0155-2696-07-FRD,One-Time,#N/A
0300-5929-01-FRD;One-Time;OneTime,true,0300-5929-01-FRD,One-Time,#N/A
0300-5929-02-FRD;One-Time;OneTime,true,0300-5929-02-FRD,One-Time,#N/A
0402-0750-01-FRD;One-Time;OneTime,true,0402-0750-01-FRD,One-Time,#N/A
0416-0439-FRD;One-Time;OneTime,true,0416-0439-FRD,One-Time,#N/A
0416-0527-FRD;One-Time;OneTime,true,0416-0527-FRD,One-Time,#N/A
0541-1204-FRD;One-Time;OneTime,true,0541-1204-FRD,One-Time,#N/A
10-DL;Term Annual;TermDefined,true,10-DL,Term Annual,Default Proration Policy
20-DP;Term Annual;TermDefined,true,20-DP,Term Annual,Default Proration Policy
414LP-KAA-CAB2;One-Time;OneTime,true,414LP-KAA-CAB2,One-Time,#N/A
414LP-KAA-CAB3;One-Time;OneTime,true,414LP-KAA-CAB3,One-Time,#N/A
414LP-KAA-E-SSL;One-Time;OneTime,true,414LP-KAA-E-SSL,One-Time,#N/A
414LP-KAA-TT1;One-Time;OneTime,true,414LP-KAA-TT1,One-Time,#N/A
414LP-KAA-TT2;One-Time;OneTime,true,414LP-KAA-TT2,One-Time,#N/A
A030S169-FRD;One-Time;OneTime,true,A030S169-FRD,One-Time,#N/A
A035K427-FRD;One-Time;OneTime,true,A035K427-FRD,One-Time,#N/A
A046D218-FRD;One-Time;OneTime,true,A046D218-FRD,One-Time,#N/A
A048N280-FRD;One-Time;OneTime,true,A048N280-FRD,One-Time,#N/A
A051H785-FRD;One-Time;OneTime,true,A051H785-FRD,One-Time,#N/A
A051K118-FRD;One-Time;OneTime,true,A051K118-FRD,One-Time,#N/A
A052X578-FRD;One-Time;OneTime,true,A052X578-FRD,One-Time,#N/A
A052X580-FRD;One-Time;OneTime,true,A052X580-FRD,One-Time,#N/A
A052X582-FRD;One-Time;OneTime,true,A052X582-FRD,One-Time,#N/A
A052X584-FRD;One-Time;OneTime,true,A052X584-FRD,One-Time,#N/A
A052X586-FRD;One-Time;OneTime,true,A052X586-FRD,One-Time,#N/A
ACET-50-200L;One-Time;OneTime,true,ACET-50-200L,One-Time,#N/A
ACET-50-20L;One-Time;OneTime,true,ACET-50-20L,One-Time,#N/A
AMEL-FRD;One-Time;OneTime,true,AMEL-FRD,One-Time,#N/A
AO-1000-25KG;One-Time;OneTime,true,AO-1000-25KG,One-Time,#N/A
AO-1000-50KG;One-Time;OneTime,true,AO-1000-50KG,One-Time,#N/A
AR-300-1000KG;One-Time;OneTime,true,AR-300-1000KG,One-Time,#N/A
AR-300-200KG-DR;One-Time;OneTime,true,AR-300-200KG-DR,One-Time,#N/A
BG-BRG-7001;One-Time;OneTime,true,BG-BRG-7001,One-Time,#N/A
BG-BRG-7002;One-Time;OneTime,true,BG-BRG-7002,One-Time,#N/A
BG-BRG-7003;One-Time;OneTime,true,BG-BRG-7003,One-Time,#N/A
BG-CHS-8001;One-Time;OneTime,true,BG-CHS-8001,One-Time,#N/A
BG-CHS-8002;One-Time;OneTime,true,BG-CHS-8002,One-Time,#N/A
BG-CPL-6001;One-Time;OneTime,true,BG-CPL-6001,One-Time,#N/A
BG-CPL-6002;One-Time;OneTime,true,BG-CPL-6002,One-Time,#N/A
BG-CPL-6003;One-Time;OneTime,true,BG-CPL-6003,One-Time,#N/A
BG-KIT-CPL95;One-Time;OneTime,true,BG-KIT-CPL95,One-Time,#N/A
BG-KIT-MTR1;One-Time;OneTime,true,BG-KIT-MTR1,One-Time,#N/A
BG-MTR-1201;One-Time;OneTime,true,BG-MTR-1201,One-Time,#N/A
BG-MTR-1202;One-Time;OneTime,true,BG-MTR-1202,One-Time,#N/A
BG-PNH-9001;One-Time;OneTime,true,BG-PNH-9001,One-Time,#N/A
BG-PNH-9002;One-Time;OneTime,true,BG-PNH-9002,One-Time,#N/A
CI-3000-200L;One-Time;OneTime,true,CI-3000-200L,One-Time,#N/A
CI-3000-20L;One-Time;OneTime,true,CI-3000-20L,One-Time,#N/A
Civil-Engineer;One-Time;OneTime,true,Civil-Engineer,One-Time,#N/A
CUGR-FRD;One-Time;OneTime,true,CUGR-FRD,One-Time,#N/A
DF-4000-200L;One-Time;OneTime,true,DF-4000-200L,One-Time,#N/A
DF-4000-20L;One-Time;OneTime,true,DF-4000-20L,One-Time,#N/A
DIRT-BUCKET;One-Time;OneTime,true,DIRT-BUCKET,One-Time,#N/A
Electrical-Engineer;One-Time;OneTime,true,Electrical-Engineer,One-Time,#N/A
EP-43253;One-Time;OneTime,true,EP-43253,One-Time,#N/A
EPX-500-200KG;One-Time;OneTime,true,EPX-500-200KG,One-Time,#N/A
EPX-500-20KG;One-Time;OneTime,true,EPX-500-20KG,One-Time,#N/A
EW;Term Annual;TermDefined,true,EW,Term Annual,Default Proration Policy
FA-Entitlement;Term Annual;TermDefined,true,FA-Entitlement,Term Annual,Default Proration Policy
FESBA_1200;One-Time;OneTime,true,FESBA_1200,One-Time,#N/A
FESBA_1500;One-Time;OneTime,true,FESBA_1500,One-Time,#N/A
FESBA_1750;One-Time;OneTime,true,FESBA_1750,One-Time,#N/A
FESBA_2500;One-Time;OneTime,true,FESBA_2500,One-Time,#N/A
FESBA_2940;One-Time;OneTime,true,FESBA_2940,One-Time,#N/A
FESBA_3090;One-Time;OneTime,true,FESBA_3090,One-Time,#N/A
FESBA_3750;One-Time;OneTime,true,FESBA_3750,One-Time,#N/A
FESBA_5860;One-Time;OneTime,true,FESBA_5860,One-Time,#N/A
FESBA_900;One-Time;OneTime,true,FESBA_900,One-Time,#N/A
FESBA_A292-2;One-Time;OneTime,true,FESBA_A292-2,One-Time,#N/A
FESBA_A293-2;One-Time;OneTime,true,FESBA_A293-2,One-Time,#N/A
FESBA_A333-2;One-Time;OneTime,true,FESBA_A333-2,One-Time,#N/A
FESBA_A334-2;One-Time;OneTime,true,FESBA_A334-2,One-Time,#N/A
FESBA_A358-2;One-Time;OneTime,true,FESBA_A358-2,One-Time,#N/A
FESBA_A416-2;One-Time;OneTime,true,FESBA_A416-2,One-Time,#N/A
FESBA_A460-2;One-Time;OneTime,true,FESBA_A460-2,One-Time,#N/A
FESBA_B225-2;One-Time;OneTime,true,FESBA_B225-2,One-Time,#N/A
FESBA_B244-2;One-Time;OneTime,true,FESBA_B244-2,One-Time,#N/A
FESBA_B313-2;One-Time;OneTime,true,FESBA_B313-2,One-Time,#N/A
FESBA_B448-2;One-Time;OneTime,true,FESBA_B448-2,One-Time,#N/A
FESBA_B467-2;One-Time;OneTime,true,FESBA_B467-2,One-Time,#N/A
FESBA_B567-2;One-Time;OneTime,true,FESBA_B567-2,One-Time,#N/A
FESBA_B595-2;One-Time;OneTime,true,FESBA_B595-2,One-Time,#N/A
FESBA_B598-2;One-Time;OneTime,true,FESBA_B598-2,One-Time,#N/A
FESBA_B599-2;One-Time;OneTime,true,FESBA_B599-2,One-Time,#N/A
FESBA_B600-2;One-Time;OneTime,true,FESBA_B600-2,One-Time,#N/A
FESBA_B601-2;One-Time;OneTime,true,FESBA_B601-2,One-Time,#N/A
FESBA_B602-2;One-Time;OneTime,true,FESBA_B602-2,One-Time,#N/A
FESBA_B603-2;One-Time;OneTime,true,FESBA_B603-2,One-Time,#N/A
FESBA_B604-2;One-Time;OneTime,true,FESBA_B604-2,One-Time,#N/A
FESBA_B607-2;One-Time;OneTime,true,FESBA_B607-2,One-Time,#N/A
FESBA_B612-2;One-Time;OneTime,true,FESBA_B612-2,One-Time,#N/A
FESBA_B628-2;One-Time;OneTime,true,FESBA_B628-2,One-Time,#N/A
FESBA_B660-2;One-Time;OneTime,true,FESBA_B660-2,One-Time,#N/A
FESBA_B663-2;One-Time;OneTime,true,FESBA_B663-2,One-Time,#N/A
FESBA_B664-2;One-Time;OneTime,true,FESBA_B664-2,One-Time,#N/A
FESBA_B688-2;One-Time;OneTime,true,FESBA_B688-2,One-Time,#N/A
FESBA_B691-2;One-Time;OneTime,true,FESBA_B691-2,One-Time,#N/A
FESBA_B715-2;One-Time;OneTime,true,FESBA_B715-2,One-Time,#N/A
FESBA_B791-2;One-Time;OneTime,true,FESBA_B791-2,One-Time,#N/A
FESBA_B801-2;One-Time;OneTime,true,FESBA_B801-2,One-Time,#N/A
FESBA_B816-2;One-Time;OneTime,true,FESBA_B816-2,One-Time,#N/A
FESBA_B817-2;One-Time;OneTime,true,FESBA_B817-2,One-Time,#N/A
FESBA_B903-2;One-Time;OneTime,true,FESBA_B903-2,One-Time,#N/A
FESBA_B904-2;One-Time;OneTime,true,FESBA_B904-2,One-Time,#N/A
FESBA_B905-2;One-Time;OneTime,true,FESBA_B905-2,One-Time,#N/A
FESBA_B906-2;One-Time;OneTime,true,FESBA_B906-2,One-Time,#N/A
FESBA_B907-2;One-Time;OneTime,true,FESBA_B907-2,One-Time,#N/A
FESBA_B909-2;One-Time;OneTime,true,FESBA_B909-2,One-Time,#N/A
FESBA_BB08-2;One-Time;OneTime,true,FESBA_BB08-2,One-Time,#N/A
FESBA_BB10-2;One-Time;OneTime,true,FESBA_BB10-2,One-Time,#N/A
FESBA_BB12-2;One-Time;OneTime,true,FESBA_BB12-2,One-Time,#N/A
FESBA_BB14-2;One-Time;OneTime,true,FESBA_BB14-2,One-Time,#N/A
FESBA_BB15-2;One-Time;OneTime,true,FESBA_BB15-2,One-Time,#N/A
FESBA_BB17-2;One-Time;OneTime,true,FESBA_BB17-2,One-Time,#N/A
FESBA_BB18-2;One-Time;OneTime,true,FESBA_BB18-2,One-Time,#N/A
FESBA_BB20-2;One-Time;OneTime,true,FESBA_BB20-2,One-Time,#N/A
FESBA_BB23-2;One-Time;OneTime,true,FESBA_BB23-2,One-Time,#N/A
FESBA_BB26-2;One-Time;OneTime,true,FESBA_BB26-2,One-Time,#N/A
FESBA_BB29-2;One-Time;OneTime,true,FESBA_BB29-2,One-Time,#N/A
FESBA_BC03-2;One-Time;OneTime,true,FESBA_BC03-2,One-Time,#N/A
FESBA_BC04-2;One-Time;OneTime,true,FESBA_BC04-2,One-Time,#N/A
FESBA_BC05-2;One-Time;OneTime,true,FESBA_BC05-2,One-Time,#N/A
FESBA_C127-2;One-Time;OneTime,true,FESBA_C127-2,One-Time,#N/A
FESBA_C278-2;One-Time;OneTime,true,FESBA_C278-2,One-Time,#N/A
FESBA_D036-2;One-Time;OneTime,true,FESBA_D036-2,One-Time,#N/A
FESBA_D041-2;One-Time;OneTime,true,FESBA_D041-2,One-Time,#N/A
FESBA_E043-2;One-Time;OneTime,true,FESBA_E043-2,One-Time,#N/A
FESBA_E080-2;One-Time;OneTime,true,FESBA_E080-2,One-Time,#N/A
FESBA_E125-2;One-Time;OneTime,true,FESBA_E125-2,One-Time,#N/A
FESBA_E126-2;One-Time;OneTime,true,FESBA_E126-2,One-Time,#N/A
FESBA_E128-2;One-Time;OneTime,true,FESBA_E128-2,One-Time,#N/A
FESBA_F258-2;One-Time;OneTime,true,FESBA_F258-2,One-Time,#N/A
FESBA_F259-2;One-Time;OneTime,true,FESBA_F259-2,One-Time,#N/A
FESBA_H110-2;One-Time;OneTime,true,FESBA_H110-2,One-Time,#N/A
FESBA_H244-2;One-Time;OneTime,true,FESBA_H244-2,One-Time,#N/A
FESBA_H389-2;One-Time;OneTime,true,FESBA_H389-2,One-Time,#N/A
FESBA_H527-2;One-Time;OneTime,true,FESBA_H527-2,One-Time,#N/A
FESBA_H556-2;One-Time;OneTime,true,FESBA_H556-2,One-Time,#N/A
FESBA_H557-2;One-Time;OneTime,true,FESBA_H557-2,One-Time,#N/A
FESBA_H606-2;One-Time;OneTime,true,FESBA_H606-2,One-Time,#N/A
FESBA_H607-2;One-Time;OneTime,true,FESBA_H607-2,One-Time,#N/A
FESBA_H666-2;One-Time;OneTime,true,FESBA_H666-2,One-Time,#N/A
FESBA_H678-2;One-Time;OneTime,true,FESBA_H678-2,One-Time,#N/A
FESBA_H704-2;One-Time;OneTime,true,FESBA_H704-2,One-Time,#N/A
FESBA_H720-2;One-Time;OneTime,true,FESBA_H720-2,One-Time,#N/A
FESBA_H723-2;One-Time;OneTime,true,FESBA_H723-2,One-Time,#N/A
FESBA_H724-2;One-Time;OneTime,true,FESBA_H724-2,One-Time,#N/A
FESBA_H734-2;One-Time;OneTime,true,FESBA_H734-2,One-Time,#N/A
FESBA_K020-2;One-Time;OneTime,true,FESBA_K020-2,One-Time,#N/A
FESBA_K993-2;One-Time;OneTime,true,FESBA_K993-2,One-Time,#N/A
FESBA_KA08-2;One-Time;OneTime,true,FESBA_KA08-2,One-Time,#N/A
FESBA_KB70-2;One-Time;OneTime,true,FESBA_KB70-2,One-Time,#N/A
FESBA_KB71-2;One-Time;OneTime,true,FESBA_KB71-2,One-Time,#N/A
FESBA_KB72-2;One-Time;OneTime,true,FESBA_KB72-2,One-Time,#N/A
FESBA_KB73-2;One-Time;OneTime,true,FESBA_KB73-2,One-Time,#N/A
FESBA_KC52-2;One-Time;OneTime,true,FESBA_KC52-2,One-Time,#N/A
FESBA_KC53-2;One-Time;OneTime,true,FESBA_KC53-2,One-Time,#N/A
FESBA_KP78-2;One-Time;OneTime,true,FESBA_KP78-2,One-Time,#N/A
FESBA_KP82-2;One-Time;OneTime,true,FESBA_KP82-2,One-Time,#N/A
FESBA_KP83-2;One-Time;OneTime,true,FESBA_KP83-2,One-Time,#N/A
FESBA_KP84-2;One-Time;OneTime,true,FESBA_KP84-2,One-Time,#N/A
FESBA_KP85-2;One-Time;OneTime,true,FESBA_KP85-2,One-Time,#N/A
FESBA_KP86-2;One-Time;OneTime,true,FESBA_KP86-2,One-Time,#N/A
FESBA_KP87-2;One-Time;OneTime,true,FESBA_KP87-2,One-Time,#N/A
FESBA_KP88-2;One-Time;OneTime,true,FESBA_KP88-2,One-Time,#N/A
FESBA_KP89-2;One-Time;OneTime,true,FESBA_KP89-2,One-Time,#N/A
FESBA_KP90-2;One-Time;OneTime,true,FESBA_KP90-2,One-Time,#N/A
FESBA_KP91-2;One-Time;OneTime,true,FESBA_KP91-2,One-Time,#N/A
FESBA_KP92-2;One-Time;OneTime,true,FESBA_KP92-2,One-Time,#N/A
FESBA_KP93-2;One-Time;OneTime,true,FESBA_KP93-2,One-Time,#N/A
FESBA_KP94-2;One-Time;OneTime,true,FESBA_KP94-2,One-Time,#N/A
FESBA_KP98-2;One-Time;OneTime,true,FESBA_KP98-2,One-Time,#N/A
FESBA_KP99-2;One-Time;OneTime,true,FESBA_KP99-2,One-Time,#N/A
FESBA_KR01-2;One-Time;OneTime,true,FESBA_KR01-2,One-Time,#N/A
FESBA_KR02-2;One-Time;OneTime,true,FESBA_KR02-2,One-Time,#N/A
FESBA_KR08-2;One-Time;OneTime,true,FESBA_KR08-2,One-Time,#N/A
FESBA_KR78-2;One-Time;OneTime,true,FESBA_KR78-2,One-Time,#N/A
FESBA_KS53-2;One-Time;OneTime,true,FESBA_KS53-2,One-Time,#N/A
FESBA_KS57-2;One-Time;OneTime,true,FESBA_KS57-2,One-Time,#N/A
FESBA_KS58-2;One-Time;OneTime,true,FESBA_KS58-2,One-Time,#N/A
FESBA_KU62-2;One-Time;OneTime,true,FESBA_KU62-2,One-Time,#N/A
FESBA_KU68-2;One-Time;OneTime,true,FESBA_KU68-2,One-Time,#N/A
FESBA_KU70-2;One-Time;OneTime,true,FESBA_KU70-2,One-Time,#N/A
FESBA_KU71-2;One-Time;OneTime,true,FESBA_KU71-2,One-Time,#N/A
FESBA_KU83-2;One-Time;OneTime,true,FESBA_KU83-2,One-Time,#N/A
FESBA_KU84-2;One-Time;OneTime,true,FESBA_KU84-2,One-Time,#N/A
FESBA_KU93-2;One-Time;OneTime,true,FESBA_KU93-2,One-Time,#N/A
FESBA_KU94-2;One-Time;OneTime,true,FESBA_KU94-2,One-Time,#N/A
FESBA_KU95-2;One-Time;OneTime,true,FESBA_KU95-2,One-Time,#N/A
FESBA_KU99-2;One-Time;OneTime,true,FESBA_KU99-2,One-Time,#N/A
FESBA_KX21-2;One-Time;OneTime,true,FESBA_KX21-2,One-Time,#N/A
FESBA_KX24-2;One-Time;OneTime,true,FESBA_KX24-2,One-Time,#N/A
FESBA_KY01-2;One-Time;OneTime,true,FESBA_KY01-2,One-Time,#N/A
FESBA_L010-2;One-Time;OneTime,true,FESBA_L010-2,One-Time,#N/A
FESBA_L011-2;One-Time;OneTime,true,FESBA_L011-2,One-Time,#N/A
FESBA_L012-2;One-Time;OneTime,true,FESBA_L012-2,One-Time,#N/A
FESBA_L013-2;One-Time;OneTime,true,FESBA_L013-2,One-Time,#N/A
FESBA_L014-2;One-Time;OneTime,true,FESBA_L014-2,One-Time,#N/A
FESBA_L015-2;One-Time;OneTime,true,FESBA_L015-2,One-Time,#N/A
FESBA_L016-2;One-Time;OneTime,true,FESBA_L016-2,One-Time,#N/A
FESBA_L017-2;One-Time;OneTime,true,FESBA_L017-2,One-Time,#N/A
FESBA_L018-2;One-Time;OneTime,true,FESBA_L018-2,One-Time,#N/A
FESBA_L019-2;One-Time;OneTime,true,FESBA_L019-2,One-Time,#N/A
FESBA_L020-2;One-Time;OneTime,true,FESBA_L020-2,One-Time,#N/A
FESBA_L021-2;One-Time;OneTime,true,FESBA_L021-2,One-Time,#N/A
FESBA_L022-2;One-Time;OneTime,true,FESBA_L022-2,One-Time,#N/A
FESBA_L023-2;One-Time;OneTime,true,FESBA_L023-2,One-Time,#N/A
FESBA_L024-2;One-Time;OneTime,true,FESBA_L024-2,One-Time,#N/A
FESBA_L025-2;One-Time;OneTime,true,FESBA_L025-2,One-Time,#N/A
FESBA_L026-2;One-Time;OneTime,true,FESBA_L026-2,One-Time,#N/A
FESBA_L027-2;One-Time;OneTime,true,FESBA_L027-2,One-Time,#N/A
FESBA_L028-2;One-Time;OneTime,true,FESBA_L028-2,One-Time,#N/A
FESBA_L038-2;One-Time;OneTime,true,FESBA_L038-2,One-Time,#N/A
FESBA_L050-2;One-Time;OneTime,true,FESBA_L050-2,One-Time,#N/A
FESBA_L051-2;One-Time;OneTime,true,FESBA_L051-2,One-Time,#N/A
FESBA_L052-2;One-Time;OneTime,true,FESBA_L052-2,One-Time,#N/A
FESBA_L057-2;One-Time;OneTime,true,FESBA_L057-2,One-Time,#N/A
FESBA_L068-2;One-Time;OneTime,true,FESBA_L068-2,One-Time,#N/A
FESBA_L069-2;One-Time;OneTime,true,FESBA_L069-2,One-Time,#N/A
FESBA_L070-2;One-Time;OneTime,true,FESBA_L070-2,One-Time,#N/A
FESBA_L071-2;One-Time;OneTime,true,FESBA_L071-2,One-Time,#N/A
FESBA_L072-2;One-Time;OneTime,true,FESBA_L072-2,One-Time,#N/A
FESBA_L073-2;One-Time;OneTime,true,FESBA_L073-2,One-Time,#N/A
FESBA_L074-2;One-Time;OneTime,true,FESBA_L074-2,One-Time,#N/A
FESBA_L114-2;One-Time;OneTime,true,FESBA_L114-2,One-Time,#N/A
FESBA_L115-2;One-Time;OneTime,true,FESBA_L115-2,One-Time,#N/A
FESBA_L136-2;One-Time;OneTime,true,FESBA_L136-2,One-Time,#N/A
FESBA_L182-2;One-Time;OneTime,true,FESBA_L182-2,One-Time,#N/A
FESBA_L183-2;One-Time;OneTime,true,FESBA_L183-2,One-Time,#N/A
FESBA_L184-2;One-Time;OneTime,true,FESBA_L184-2,One-Time,#N/A
FESBA_L185-2;One-Time;OneTime,true,FESBA_L185-2,One-Time,#N/A
FESBA_L186-2;One-Time;OneTime,true,FESBA_L186-2,One-Time,#N/A
FESBA_L187-2;One-Time;OneTime,true,FESBA_L187-2,One-Time,#N/A
FESBA_L188-2;One-Time;OneTime,true,FESBA_L188-2,One-Time,#N/A
FESBA_L189-2;One-Time;OneTime,true,FESBA_L189-2,One-Time,#N/A
FESBA_L190-2;One-Time;OneTime,true,FESBA_L190-2,One-Time,#N/A
FESBA_L191-2;One-Time;OneTime,true,FESBA_L191-2,One-Time,#N/A
FESBA_L192-2;One-Time;OneTime,true,FESBA_L192-2,One-Time,#N/A
FESBA_L245-2;One-Time;OneTime,true,FESBA_L245-2,One-Time,#N/A
FESBA_L250-2;One-Time;OneTime,true,FESBA_L250-2,One-Time,#N/A
FESBA_L251-2;One-Time;OneTime,true,FESBA_L251-2,One-Time,#N/A
FESBA_L252-2;One-Time;OneTime,true,FESBA_L252-2,One-Time,#N/A
FESBA_L253-2;One-Time;OneTime,true,FESBA_L253-2,One-Time,#N/A
FESBA_L254-2;One-Time;OneTime,true,FESBA_L254-2,One-Time,#N/A
FESBA_L255-2;One-Time;OneTime,true,FESBA_L255-2,One-Time,#N/A
FESBA_L256-2;One-Time;OneTime,true,FESBA_L256-2,One-Time,#N/A
FESBA_L257-2;One-Time;OneTime,true,FESBA_L257-2,One-Time,#N/A
FESBA_L258-2;One-Time;OneTime,true,FESBA_L258-2,One-Time,#N/A
FESBA_NOENC;One-Time;OneTime,true,FESBA_NOENC,One-Time,#N/A
FESBA_R002-2;One-Time;OneTime,true,FESBA_R002-2,One-Time,#N/A
FESBA_R003-2;One-Time;OneTime,true,FESBA_R003-2,One-Time,#N/A
FESBA_R023-2;One-Time;OneTime,true,FESBA_R023-2,One-Time,#N/A
FESBA_R099-2;One-Time;OneTime,true,FESBA_R099-2,One-Time,#N/A
FESBA_R107-2;One-Time;OneTime,true,FESBA_R107-2,One-Time,#N/A
FESBA_R114-2;One-Time;OneTime,true,FESBA_R114-2,One-Time,#N/A
FESBA_R130-2;One-Time;OneTime,true,FESBA_R130-2,One-Time,#N/A
FESBA_R132-2;One-Time;OneTime,true,FESBA_R132-2,One-Time,#N/A
FESBA_R144-2;One-Time;OneTime,true,FESBA_R144-2,One-Time,#N/A
FESBA_S1ENC;One-Time;OneTime,true,FESBA_S1ENC,One-Time,#N/A
FESBA_S2ENC;One-Time;OneTime,true,FESBA_S2ENC,One-Time,#N/A
FESBA_S3ENC;One-Time;OneTime,true,FESBA_S3ENC,One-Time,#N/A
FESBA_WHENC;One-Time;OneTime,true,FESBA_WHENC,One-Time,#N/A
FESBA-FRD;One-Time;OneTime,true,FESBA-FRD,One-Time,#N/A
FUCEL;One-Time;OneTime,true,FUCEL,One-Time,#N/A
GAMD-FRD;One-Time;OneTime,true,GAMD-FRD,One-Time,#N/A
Generator-Conduit;One-Time;OneTime,true,Generator-Conduit,One-Time,#N/A
Generator-Wiring;One-Time;OneTime,true,Generator-Wiring,One-Time,#N/A
GP-Bucket;One-Time;OneTime,true,GP-Bucket,One-Time,#N/A
GPST;Evergreen Annual;Evergreen,false,GPST,Evergreen Annual,Default Proration Policy
GPST;Evergreen Monthly;Evergreen,false,GPST,Evergreen Monthly,Default Proration Policy
GPST;Term Annual;TermDefined,false,GPST,Term Annual,Default Proration Policy
GPST;Term Monthly;TermDefined,true,GPST,Term Monthly,Default Proration Policy
H2SO4-1000L-IBC;One-Time;OneTime,true,H2SO4-1000L-IBC,One-Time,#N/A
H2SO4-200L-DR;One-Time;OneTime,true,H2SO4-200L-DR,One-Time,#N/A
Install-Fee;One-Time;OneTime,true,Install-Fee,One-Time,#N/A
LBRK;One-Time;OneTime,true,LBRK,One-Time,#N/A
LVGBRK;One-Time;OneTime,true,LVGBRK,One-Time,#N/A
Mechanical-Engineer;One-Time;OneTime,true,Mechanical-Engineer,One-Time,#N/A
Mounting-Hardware;One-Time;OneTime,true,Mounting-Hardware,One-Time,#N/A
MV;Term Annual;TermDefined,true,MV,Term Annual,Default Proration Policy
MVGBRK;One-Time;OneTime,true,MVGBRK,One-Time,#N/A
NaOH-25KG;One-Time;OneTime,true,NaOH-25KG,One-Time,#N/A
NaOH-50KG;One-Time;OneTime,true,NaOH-50KG,One-Time,#N/A
NH3-CYL;One-Time;OneTime,true,NH3-CYL,One-Time,#N/A
OPT-100;One-Time;OneTime,true,OPT-100,One-Time,#N/A
OPT-101;One-Time;OneTime,true,OPT-101,One-Time,#N/A
OPT-102;One-Time;OneTime,true,OPT-102,One-Time,#N/A
OPT-103;One-Time;OneTime,true,OPT-103,One-Time,#N/A
OPT-104;One-Time;OneTime,true,OPT-104,One-Time,#N/A
OPT-105;One-Time;OneTime,true,OPT-105,One-Time,#N/A
OPT-106;One-Time;OneTime,true,OPT-106,One-Time,#N/A
OPT-107;One-Time;OneTime,true,OPT-107,One-Time,#N/A
OPT-108;One-Time;OneTime,true,OPT-108,One-Time,#N/A
OPT-109;One-Time;OneTime,true,OPT-109,One-Time,#N/A
OPT-110;One-Time;OneTime,true,OPT-110,One-Time,#N/A
OPT-111;One-Time;OneTime,true,OPT-111,One-Time,#N/A
OPT-112;One-Time;OneTime,true,OPT-112,One-Time,#N/A
OPT-113;One-Time;OneTime,true,OPT-113,One-Time,#N/A
PC-500-5KG;One-Time;OneTime,true,PC-500-5KG,One-Time,#N/A
PCSWG;One-Time;OneTime,true,PCSWG,One-Time,#N/A
PE-1000-25KG;One-Time;OneTime,true,PE-1000-25KG,One-Time,#N/A
Remote-Monitoring;Term Annual;TermDefined,true,Remote-Monitoring,Term Annual,Default Proration Policy
RHO-ENG-022;One-Time;OneTime,true,RHO-ENG-022,One-Time,#N/A
RLM-SW-40;One-Time;OneTime,true,RLM-SW-40,One-Time,#N/A
SC-GOLD;Term Annual;TermDefined,true,SC-GOLD,Term Annual,Default Proration Policy
SUB;Evergreen Annual;Evergreen,false,SUB,Evergreen Annual,Default Proration Policy
SUB;Evergreen Monthly;Evergreen,false,SUB,Evergreen Monthly,Default Proration Policy
SUB;Term Annual;TermDefined,true,SUB,Term Annual,Default Proration Policy
SUB;Term Monthly;TermDefined,false,SUB,Term Monthly,Default Proration Policy
TiO2-500-1000KG;One-Time;OneTime,true,TiO2-500-1000KG,One-Time,#N/A
TiO2-500-25KG;One-Time;OneTime,true,TiO2-500-25KG,One-Time,#N/A
TOL-100-1000L;One-Time;OneTime,true,TOL-100-1000L,One-Time,#N/A
TOL-100-200L;One-Time;OneTime,true,TOL-100-200L,One-Time,#N/A
TRENCHING-BUCKET;One-Time;OneTime,true,TRENCHING-BUCKET,One-Time,#N/A
UV-2000-25KG;One-Time;OneTime,true,UV-2000-25KG,One-Time,#N/A
WARR-STD-1YR;Term Annual;TermDefined,true,WARR-STD-1YR,Term Annual,Default Proration Policy
XYL-200-1000L;One-Time;OneTime,true,XYL-200-1000L,One-Time,#N/A
XYL-200-200L;One-Time;OneTime,true,XYL-200-200L,One-Time,#N/A
